dataset,seed,method,round,metric_name,metric_value,run_id
movielens1m,410,full-identity-reference,0,user_macro_accuracy,0.48942329252275074,6f000450faf117d7cff13529062359ddb6313051b88aabeb1aa11484f5218d7b
movielens1m,410,full-identity-reference,10,user_macro_accuracy,0.5099419172327202,6f000450faf117d7cff13529062359ddb6313051b88aabeb1aa11484f5218d7b
movielens1m,410,full-identity-reference,20,user_macro_accuracy,0.5008980039425086,6f000450faf117d7cff13529062359ddb6313051b88aabeb1aa11484f5218d7b
movielens1m,410,full-identity-reference,30,user_macro_accuracy,0.5325662141392555,6f000450faf117d7cff13529062359ddb6313051b88aabeb1aa11484f5218d7b
movielens1m,410,full-identity-reference,40,user_macro_accuracy,0.5306164782988632,6f000450faf117d7cff13529062359ddb6313051b88aabeb1aa11484f5218d7b
movielens1m,410,full-identity-reference,50,user_macro_accuracy,0.5296543010304284,6f000450faf117d7cff13529062359ddb6313051b88aabeb1aa11484f5218d7b
movielens1m,411,full-identity-reference,0,user_macro_accuracy,0.512359032090288,e2bc1fa346bd0efa1c9bf23c1477e2926156f590503a821cf19bb9575582d5bc
movielens1m,411,full-identity-reference,10,user_macro_accuracy,0.5114800230230975,e2bc1fa346bd0efa1c9bf23c1477e2926156f590503a821cf19bb9575582d5bc
movielens1m,411,full-identity-reference,20,user_macro_accuracy,0.5181033125383812,e2bc1fa346bd0efa1c9bf23c1477e2926156f590503a821cf19bb9575582d5bc
movielens1m,411,full-identity-reference,30,user_macro_accuracy,0.5271681586686296,e2bc1fa346bd0efa1c9bf23c1477e2926156f590503a821cf19bb9575582d5bc
movielens1m,411,full-identity-reference,40,user_macro_accuracy,0.527514898976763,e2bc1fa346bd0efa1c9bf23c1477e2926156f590503a821cf19bb9575582d5bc
movielens1m,411,full-identity-reference,50,user_macro_accuracy,0.5407326253676452,e2bc1fa346bd0efa1c9bf23c1477e2926156f590503a821cf19bb9575582d5bc
movielens1m,412,full-identity-reference,0,user_macro_accuracy,0.49499264027259887,8c25e46680b29f1fbee459886f524d2da7ec5a41b71e4209ad9f44e26764ec84
movielens1m,412,full-identity-reference,10,user_macro_accuracy,0.48899160481692616,8c25e46680b29f1fbee459886f524d2da7ec5a41b71e4209ad9f44e26764ec84
movielens1m,412,full-identity-reference,20,user_macro_accuracy,0.524923618480364,8c25e46680b29f1fbee459886f524d2da7ec5a41b71e4209ad9f44e26764ec84
movielens1m,412,full-identity-reference,30,user_macro_accuracy,0.5496941143667233,8c25e46680b29f1fbee459886f524d2da7ec5a41b71e4209ad9f44e26764ec84
movielens1m,412,full-identity-reference,40,user_macro_accuracy,0.5400151157686408,8c25e46680b29f1fbee459886f524d2da7ec5a41b71e4209ad9f44e26764ec84
movielens1m,412,full-identity-reference,50,user_macro_accuracy,0.5456528823160183,8c25e46680b29f1fbee459886f524d2da7ec5a41b71e4209ad9f44e26764ec84
movielens1m,413,full-identity-reference,0,user_macro_accuracy,0.5106559030541481,aae10317283911b813be9730008d3c803a686f827c3acdc6732ad7ddfcc324c1
movielens1m,413,full-identity-reference,10,user_macro_accuracy,0.5185556175756909,aae10317283911b813be9730008d3c803a686f827c3acdc6732ad7ddfcc324c1
movielens1m,413,full-identity-reference,20,user_macro_accuracy,0.5182271154858313,aae10317283911b813be9730008d3c803a686f827c3acdc6732ad7ddfcc324c1
movielens1m,413,full-identity-reference,30,user_macro_accuracy,0.5399786749400846,aae10317283911b813be9730008d3c803a686f827c3acdc6732ad7ddfcc324c1
movielens1m,413,full-identity-reference,40,user_macro_accuracy,0.5420305523550324,aae10317283911b813be9730008d3c803a686f827c3acdc6732ad7ddfcc324c1
movielens1m,413,full-identity-reference,50,user_macro_accuracy,0.5348750603756409,aae10317283911b813be9730008d3c803a686f827c3acdc6732ad7ddfcc324c1
movielens1m,414,full-identity-reference,0,user_macro_accuracy,0.507106858149167,6f5b7642aabf3a0e5af30ec317b90241a779f35d1e873580d60755b6a4493be2
movielens1m,414,full-identity-reference,10,user_macro_accuracy,0.5166005574485265,6f5b7642aabf3a0e5af30ec317b90241a779f35d1e873580d60755b6a4493be2
movielens1m,414,full-identity-reference,20,user_macro_accuracy,0.5293486349136672,6f5b7642aabf3a0e5af30ec317b90241a779f35d1e873580d60755b6a4493be2
movielens1m,414,full-identity-reference,30,user_macro_accuracy,0.5440877244402871,6f5b7642aabf3a0e5af30ec317b90241a779f35d1e873580d60755b6a4493be2
movielens1m,414,full-identity-reference,40,user_macro_accuracy,0.533535177551095,6f5b7642aabf3a0e5af30ec317b90241a779f35d1e873580d60755b6a4493be2
movielens1m,414,full-identity-reference,50,user_macro_accuracy,0.5383786748049266,6f5b7642aabf3a0e5af30ec317b90241a779f35d1e873580d60755b6a4493be2
movielens1m,415,full-identity-reference,0,user_macro_accuracy,0.49472946744511714,1a7af48f4af1f5e11a80ee44905516a23842c9ffaf5669a921bf8ddd9695d1e9
movielens1m,415,full-identity-reference,10,user_macro_accuracy,0.5207305239747863,1a7af48f4af1f5e11a80ee44905516a23842c9ffaf5669a921bf8ddd9695d1e9
movielens1m,415,full-identity-reference,20,user_macro_accuracy,0.5287589868527747,1a7af48f4af1f5e11a80ee44905516a23842c9ffaf5669a921bf8ddd9695d1e9
movielens1m,415,full-identity-reference,30,user_macro_accuracy,0.5327202398953729,1a7af48f4af1f5e11a80ee44905516a23842c9ffaf5669a921bf8ddd9695d1e9
movielens1m,415,full-identity-reference,40,user_macro_accuracy,0.5282826668932639,1a7af48f4af1f5e11a80ee44905516a23842c9ffaf5669a921bf8ddd9695d1e9
movielens1m,415,full-identity-reference,50,user_macro_accuracy,0.5421518092495764,1a7af48f4af1f5e11a80ee44905516a23842c9ffaf5669a921bf8ddd9695d1e9
movielens1m,416,full-identity-reference,0,user_macro_accuracy,0.5056569907009654,bd607b718d53b9d6ccc3e97ae3ae8b9998b0c4cf755a89bec3f7aee758f639f1
movielens1m,416,full-identity-reference,10,user_macro_accuracy,0.5279226720337737,bd607b718d53b9d6ccc3e97ae3ae8b9998b0c4cf755a89bec3f7aee758f639f1
movielens1m,416,full-identity-reference,20,user_macro_accuracy,0.5126811832799347,bd607b718d53b9d6ccc3e97ae3ae8b9998b0c4cf755a89bec3f7aee758f639f1
movielens1m,416,full-identity-reference,30,user_macro_accuracy,0.5227118121330666,bd607b718d53b9d6ccc3e97ae3ae8b9998b0c4cf755a89bec3f7aee758f639f1
movielens1m,416,full-identity-reference,40,user_macro_accuracy,0.5364581189532562,bd607b718d53b9d6ccc3e97ae3ae8b9998b0c4cf755a89bec3f7aee758f639f1
movielens1m,416,full-identity-reference,50,user_macro_accuracy,0.5385854135469831,bd607b718d53b9d6ccc3e97ae3ae8b9998b0c4cf755a89bec3f7aee758f639f1
movielens1m,417,full-identity-reference,0,user_macro_accuracy,0.5015961887780437,54fe568825337103cf8e9ca29a7199ea3fffb72c154868ad5d6ea4c7346f495a
movielens1m,417,full-identity-reference,10,user_macro_accuracy,0.5139720700910717,54fe568825337103cf8e9ca29a7199ea3fffb72c154868ad5d6ea4c7346f495a
movielens1m,417,full-identity-reference,20,user_macro_accuracy,0.5434349815505086,54fe568825337103cf8e9ca29a7199ea3fffb72c154868ad5d6ea4c7346f495a
movielens1m,417,full-identity-reference,30,user_macro_accuracy,0.5335628710979448,54fe568825337103cf8e9ca29a7199ea3fffb72c154868ad5d6ea4c7346f495a
movielens1m,417,full-identity-reference,40,user_macro_accuracy,0.5336317702491145,54fe568825337103cf8e9ca29a7199ea3fffb72c154868ad5d6ea4c7346f495a
movielens1m,417,full-identity-reference,50,user_macro_accuracy,0.5380631856626944,54fe568825337103cf8e9ca29a7199ea3fffb72c154868ad5d6ea4c7346f495a
movielens1m,418,full-identity-reference,0,user_macro_accuracy,0.49539024342287735,b5c5a4dece13d6e9edaa1d3dc63bfb3e62ca9fb221b7011e61039f5a52efa1ac
movielens1m,418,full-identity-reference,10,user_macro_accuracy,0.49995859248518587,b5c5a4dece13d6e9edaa1d3dc63bfb3e62ca9fb221b7011e61039f5a52efa1ac
movielens1m,418,full-identity-reference,20,user_macro_accuracy,0.5166669732682402,b5c5a4dece13d6e9edaa1d3dc63bfb3e62ca9fb221b7011e61039f5a52efa1ac
movielens1m,418,full-identity-reference,30,user_macro_accuracy,0.5270672027391303,b5c5a4dece13d6e9edaa1d3dc63bfb3e62ca9fb221b7011e61039f5a52efa1ac
movielens1m,418,full-identity-reference,40,user_macro_accuracy,0.528750883847162,b5c5a4dece13d6e9edaa1d3dc63bfb3e62ca9fb221b7011e61039f5a52efa1ac
movielens1m,418,full-identity-reference,50,user_macro_accuracy,0.5403749612925899,b5c5a4dece13d6e9edaa1d3dc63bfb3e62ca9fb221b7011e61039f5a52efa1ac
movielens1m,419,full-identity-reference,0,user_macro_accuracy,0.5078932498648308,ce2d19798e2cab399eed7f1cda223a4a68a1691c9102e6bcfb24fe9af5c407ba
movielens1m,419,full-identity-reference,10,user_macro_accuracy,0.5249239371944816,ce2d19798e2cab399eed7f1cda223a4a68a1691c9102e6bcfb24fe9af5c407ba
movielens1m,419,full-identity-reference,20,user_macro_accuracy,0.5305551078745318,ce2d19798e2cab399eed7f1cda223a4a68a1691c9102e6bcfb24fe9af5c407ba
movielens1m,419,full-identity-reference,30,user_macro_accuracy,0.5238608775997388,ce2d19798e2cab399eed7f1cda223a4a68a1691c9102e6bcfb24fe9af5c407ba
movielens1m,419,full-identity-reference,40,user_macro_accuracy,0.5389406842319499,ce2d19798e2cab399eed7f1cda223a4a68a1691c9102e6bcfb24fe9af5c407ba
movielens1m,419,full-identity-reference,50,user_macro_accuracy,0.541329579828932,ce2d19798e2cab399eed7f1cda223a4a68a1691c9102e6bcfb24fe9af5c407ba
movielens1m,410,handle-only-drop-residual,0,user_macro_accuracy,0.48942329252275074,8c8569859d76d98ff3bdc13067cc4b7bbeeb85ee00bbd7b20e17bd9256cc9bd6
movielens1m,410,handle-only-drop-residual,10,user_macro_accuracy,0.49458642182289375,8c8569859d76d98ff3bdc13067cc4b7bbeeb85ee00bbd7b20e17bd9256cc9bd6
movielens1m,410,handle-only-drop-residual,20,user_macro_accuracy,0.47448926104836225,8c8569859d76d98ff3bdc13067cc4b7bbeeb85ee00bbd7b20e17bd9256cc9bd6
movielens1m,410,handle-only-drop-residual,30,user_macro_accuracy,0.5147669258904873,8c8569859d76d98ff3bdc13067cc4b7bbeeb85ee00bbd7b20e17bd9256cc9bd6
movielens1m,410,handle-only-drop-residual,40,user_macro_accuracy,0.4971497484828603,8c8569859d76d98ff3bdc13067cc4b7bbeeb85ee00bbd7b20e17bd9256cc9bd6
movielens1m,410,handle-only-drop-residual,50,user_macro_accuracy,0.49028389930291266,8c8569859d76d98ff3bdc13067cc4b7bbeeb85ee00bbd7b20e17bd9256cc9bd6
movielens1m,411,handle-only-drop-residual,0,user_macro_accuracy,0.512359032090288,f20d3fbc92eeb4c085528ca0d0af80557f9b2a6178f9fddbfd2b82ca44579b21
movielens1m,411,handle-only-drop-residual,10,user_macro_accuracy,0.5114318301072827,f20d3fbc92eeb4c085528ca0d0af80557f9b2a6178f9fddbfd2b82ca44579b21
movielens1m,411,handle-only-drop-residual,20,user_macro_accuracy,0.5116983567021762,f20d3fbc92eeb4c085528ca0d0af80557f9b2a6178f9fddbfd2b82ca44579b21
movielens1m,411,handle-only-drop-residual,30,user_macro_accuracy,0.5147596222648467,f20d3fbc92eeb4c085528ca0d0af80557f9b2a6178f9fddbfd2b82ca44579b21
movielens1m,411,handle-only-drop-residual,40,user_macro_accuracy,0.5137090536524344,f20d3fbc92eeb4c085528ca0d0af80557f9b2a6178f9fddbfd2b82ca44579b21
movielens1m,411,handle-only-drop-residual,50,user_macro_accuracy,0.5130514097817823,f20d3fbc92eeb4c085528ca0d0af80557f9b2a6178f9fddbfd2b82ca44579b21
movielens1m,412,handle-only-drop-residual,0,user_macro_accuracy,0.49499264027259887,785db7cec41b3d229036aa7e73853b8ca61dce6197ccf5e1ee4ecea4dbb8f20e
movielens1m,412,handle-only-drop-residual,10,user_macro_accuracy,0.4956756844171368,785db7cec41b3d229036aa7e73853b8ca61dce6197ccf5e1ee4ecea4dbb8f20e
movielens1m,412,handle-only-drop-residual,20,user_macro_accuracy,0.4946631097523546,785db7cec41b3d229036aa7e73853b8ca61dce6197ccf5e1ee4ecea4dbb8f20e
movielens1m,412,handle-only-drop-residual,30,user_macro_accuracy,0.5280096108735395,785db7cec41b3d229036aa7e73853b8ca61dce6197ccf5e1ee4ecea4dbb8f20e
movielens1m,412,handle-only-drop-residual,40,user_macro_accuracy,0.5263450389943609,785db7cec41b3d229036aa7e73853b8ca61dce6197ccf5e1ee4ecea4dbb8f20e
movielens1m,412,handle-only-drop-residual,50,user_macro_accuracy,0.5249979780160239,785db7cec41b3d229036aa7e73853b8ca61dce6197ccf5e1ee4ecea4dbb8f20e
movielens1m,413,handle-only-drop-residual,0,user_macro_accuracy,0.5106559030541481,b86783ba381c06ec9f5a9ccd0b7b8aa89bc63237bf80ab626e2f37a729d925e3
movielens1m,413,handle-only-drop-residual,10,user_macro_accuracy,0.5110069221766876,b86783ba381c06ec9f5a9ccd0b7b8aa89bc63237bf80ab626e2f37a729d925e3
movielens1m,413,handle-only-drop-residual,20,user_macro_accuracy,0.49310592334975656,b86783ba381c06ec9f5a9ccd0b7b8aa89bc63237bf80ab626e2f37a729d925e3
movielens1m,413,handle-only-drop-residual,30,user_macro_accuracy,0.4922270157817758,b86783ba381c06ec9f5a9ccd0b7b8aa89bc63237bf80ab626e2f37a729d925e3
movielens1m,413,handle-only-drop-residual,40,user_macro_accuracy,0.5155214253454427,b86783ba381c06ec9f5a9ccd0b7b8aa89bc63237bf80ab626e2f37a729d925e3
movielens1m,413,handle-only-drop-residual,50,user_macro_accuracy,0.5149439575819303,b86783ba381c06ec9f5a9ccd0b7b8aa89bc63237bf80ab626e2f37a729d925e3
movielens1m,414,handle-only-drop-residual,0,user_macro_accuracy,0.507106858149167,732be44cacf41cf855b0dea7243311e2d68ae97198b0eac8f356193a78a5074c
movielens1m,414,handle-only-drop-residual,10,user_macro_accuracy,0.5114086572017569,732be44cacf41cf855b0dea7243311e2d68ae97198b0eac8f356193a78a5074c
movielens1m,414,handle-only-drop-residual,20,user_macro_accuracy,0.5108533760707168,732be44cacf41cf855b0dea7243311e2d68ae97198b0eac8f356193a78a5074c
movielens1m,414,handle-only-drop-residual,30,user_macro_accuracy,0.5141109014609401,732be44cacf41cf855b0dea7243311e2d68ae97198b0eac8f356193a78a5074c
movielens1m,414,handle-only-drop-residual,40,user_macro_accuracy,0.5199210758555892,732be44cacf41cf855b0dea7243311e2d68ae97198b0eac8f356193a78a5074c
movielens1m,414,handle-only-drop-residual,50,user_macro_accuracy,0.512784181515042,732be44cacf41cf855b0dea7243311e2d68ae97198b0eac8f356193a78a5074c
movielens1m,415,handle-only-drop-residual,0,user_macro_accuracy,0.49472946744511714,ebfb0a2abf27e19ac01628f3176f9b3d0afc0d1939d4295d225281ee5da9bb91
movielens1m,415,handle-only-drop-residual,10,user_macro_accuracy,0.5092923790079616,ebfb0a2abf27e19ac01628f3176f9b3d0afc0d1939d4295d225281ee5da9bb91
movielens1m,415,handle-only-drop-residual,20,user_macro_accuracy,0.5097100548613455,ebfb0a2abf27e19ac01628f3176f9b3d0afc0d1939d4295d225281ee5da9bb91
movielens1m,415,handle-only-drop-residual,30,user_macro_accuracy,0.5126421046239746,ebfb0a2abf27e19ac01628f3176f9b3d0afc0d1939d4295d225281ee5da9bb91
movielens1m,415,handle-only-drop-residual,40,user_macro_accuracy,0.5152073929719643,ebfb0a2abf27e19ac01628f3176f9b3d0afc0d1939d4295d225281ee5da9bb91
movielens1m,415,handle-only-drop-residual,50,user_macro_accuracy,0.5126097741071913,ebfb0a2abf27e19ac01628f3176f9b3d0afc0d1939d4295d225281ee5da9bb91
movielens1m,416,handle-only-drop-residual,0,user_macro_accuracy,0.5056569907009654,d70c0d08f3ab38ea37c74434a628665a1aebf937441e26258b6b9169f966e91a
movielens1m,416,handle-only-drop-residual,10,user_macro_accuracy,0.5155079942236861,d70c0d08f3ab38ea37c74434a628665a1aebf937441e26258b6b9169f966e91a
movielens1m,416,handle-only-drop-residual,20,user_macro_accuracy,0.49560846457003405,d70c0d08f3ab38ea37c74434a628665a1aebf937441e26258b6b9169f966e91a
movielens1m,416,handle-only-drop-residual,30,user_macro_accuracy,0.5107133683216769,d70c0d08f3ab38ea37c74434a628665a1aebf937441e26258b6b9169f966e91a
movielens1m,416,handle-only-drop-residual,40,user_macro_accuracy,0.5046468080597506,d70c0d08f3ab38ea37c74434a628665a1aebf937441e26258b6b9169f966e91a
movielens1m,416,handle-only-drop-residual,50,user_macro_accuracy,0.5110195353683373,d70c0d08f3ab38ea37c74434a628665a1aebf937441e26258b6b9169f966e91a
movielens1m,417,handle-only-drop-residual,0,user_macro_accuracy,0.5015961887780437,09446f154dfc94d592d2894822c7a005a3924674965251fc5783e55d0a065dde
movielens1m,417,handle-only-drop-residual,10,user_macro_accuracy,0.5038343686595134,09446f154dfc94d592d2894822c7a005a3924674965251fc5783e55d0a065dde
movielens1m,417,handle-only-drop-residual,20,user_macro_accuracy,0.4976751448616941,09446f154dfc94d592d2894822c7a005a3924674965251fc5783e55d0a065dde
movielens1m,417,handle-only-drop-residual,30,user_macro_accuracy,0.5130103072265375,09446f154dfc94d592d2894822c7a005a3924674965251fc5783e55d0a065dde
movielens1m,417,handle-only-drop-residual,40,user_macro_accuracy,0.5034184569300668,09446f154dfc94d592d2894822c7a005a3924674965251fc5783e55d0a065dde
movielens1m,417,handle-only-drop-residual,50,user_macro_accuracy,0.506175195805538,09446f154dfc94d592d2894822c7a005a3924674965251fc5783e55d0a065dde
movielens1m,418,handle-only-drop-residual,0,user_macro_accuracy,0.49539024342287735,d6d99d65760910200b556c883484b954e04829fa5dbe189cff2db7a354b45e7e
movielens1m,418,handle-only-drop-residual,10,user_macro_accuracy,0.48408880293514833,d6d99d65760910200b556c883484b954e04829fa5dbe189cff2db7a354b45e7e
movielens1m,418,handle-only-drop-residual,20,user_macro_accuracy,0.4892191082440864,d6d99d65760910200b556c883484b954e04829fa5dbe189cff2db7a354b45e7e
movielens1m,418,handle-only-drop-residual,30,user_macro_accuracy,0.5054455173969576,d6d99d65760910200b556c883484b954e04829fa5dbe189cff2db7a354b45e7e
movielens1m,418,handle-only-drop-residual,40,user_macro_accuracy,0.513502678063201,d6d99d65760910200b556c883484b954e04829fa5dbe189cff2db7a354b45e7e
movielens1m,418,handle-only-drop-residual,50,user_macro_accuracy,0.511563508068598,d6d99d65760910200b556c883484b954e04829fa5dbe189cff2db7a354b45e7e
movielens1m,419,handle-only-drop-residual,0,user_macro_accuracy,0.5078932498648308,c7590cee588de4b92a255873e274acc799d5d37fc5fae170090c299a4863756d
movielens1m,419,handle-only-drop-residual,10,user_macro_accuracy,0.5157934939556288,c7590cee588de4b92a255873e274acc799d5d37fc5fae170090c299a4863756d
movielens1m,419,handle-only-drop-residual,20,user_macro_accuracy,0.5123331383332644,c7590cee588de4b92a255873e274acc799d5d37fc5fae170090c299a4863756d
movielens1m,419,handle-only-drop-residual,30,user_macro_accuracy,0.511529869322969,c7590cee588de4b92a255873e274acc799d5d37fc5fae170090c299a4863756d
movielens1m,419,handle-only-drop-residual,40,user_macro_accuracy,0.5123202203927822,c7590cee588de4b92a255873e274acc799d5d37fc5fae170090c299a4863756d
movielens1m,419,handle-only-drop-residual,50,user_macro_accuracy,0.5139567278786807,c7590cee588de4b92a255873e274acc799d5d37fc5fae170090c299a4863756d
movielens1m,410,naive-recalibrated-2c,0,user_macro_accuracy,0.48942329252275074,a5fa72db1a05a52b530ce3383daedc48f8d7f701d77aaefe4024d043e2e3df77
movielens1m,410,naive-recalibrated-2c,10,user_macro_accuracy,0.5083488388661611,a5fa72db1a05a52b530ce3383daedc48f8d7f701d77aaefe4024d043e2e3df77
movielens1m,410,naive-recalibrated-2c,20,user_macro_accuracy,0.4779146755175073,a5fa72db1a05a52b530ce3383daedc48f8d7f701d77aaefe4024d043e2e3df77
movielens1m,410,naive-recalibrated-2c,30,user_macro_accuracy,0.5085095460490786,a5fa72db1a05a52b530ce3383daedc48f8d7f701d77aaefe4024d043e2e3df77
movielens1m,410,naive-recalibrated-2c,40,user_macro_accuracy,0.49424279190974746,a5fa72db1a05a52b530ce3383daedc48f8d7f701d77aaefe4024d043e2e3df77
movielens1m,410,naive-recalibrated-2c,50,user_macro_accuracy,0.49057242424266084,a5fa72db1a05a52b530ce3383daedc48f8d7f701d77aaefe4024d043e2e3df77
movielens1m,411,naive-recalibrated-2c,0,user_macro_accuracy,0.512359032090288,ec32f4f8ea725685aad1f4b0d0647f2b6b7de71f03035bf55bce8f168cfebbda
movielens1m,411,naive-recalibrated-2c,10,user_macro_accuracy,0.5112502909578643,ec32f4f8ea725685aad1f4b0d0647f2b6b7de71f03035bf55bce8f168cfebbda
movielens1m,411,naive-recalibrated-2c,20,user_macro_accuracy,0.5140732588203563,ec32f4f8ea725685aad1f4b0d0647f2b6b7de71f03035bf55bce8f168cfebbda
movielens1m,411,naive-recalibrated-2c,30,user_macro_accuracy,0.5128240022386442,ec32f4f8ea725685aad1f4b0d0647f2b6b7de71f03035bf55bce8f168cfebbda
movielens1m,411,naive-recalibrated-2c,40,user_macro_accuracy,0.5107946210952167,ec32f4f8ea725685aad1f4b0d0647f2b6b7de71f03035bf55bce8f168cfebbda
movielens1m,411,naive-recalibrated-2c,50,user_macro_accuracy,0.5209360201289465,ec32f4f8ea725685aad1f4b0d0647f2b6b7de71f03035bf55bce8f168cfebbda
movielens1m,412,naive-recalibrated-2c,0,user_macro_accuracy,0.49499264027259887,d6eaff47fcdc0f7bf7823cfffbebae4d46a8864aab50b82def2832c83fd3b72a
movielens1m,412,naive-recalibrated-2c,10,user_macro_accuracy,0.49701403296628094,d6eaff47fcdc0f7bf7823cfffbebae4d46a8864aab50b82def2832c83fd3b72a
movielens1m,412,naive-recalibrated-2c,20,user_macro_accuracy,0.5026645693142278,d6eaff47fcdc0f7bf7823cfffbebae4d46a8864aab50b82def2832c83fd3b72a
movielens1m,412,naive-recalibrated-2c,30,user_macro_accuracy,0.5323776182982923,d6eaff47fcdc0f7bf7823cfffbebae4d46a8864aab50b82def2832c83fd3b72a
movielens1m,412,naive-recalibrated-2c,40,user_macro_accuracy,0.5175382293490973,d6eaff47fcdc0f7bf7823cfffbebae4d46a8864aab50b82def2832c83fd3b72a
movielens1m,412,naive-recalibrated-2c,50,user_macro_accuracy,0.5230560562762744,d6eaff47fcdc0f7bf7823cfffbebae4d46a8864aab50b82def2832c83fd3b72a
movielens1m,413,naive-recalibrated-2c,0,user_macro_accuracy,0.5106559030541481,3f7b0a76b8d1183cc46f8e0847eecf50806a34ab8269956765d883e8bcd885cf
movielens1m,413,naive-recalibrated-2c,10,user_macro_accuracy,0.5102799339142806,3f7b0a76b8d1183cc46f8e0847eecf50806a34ab8269956765d883e8bcd885cf
movielens1m,413,naive-recalibrated-2c,20,user_macro_accuracy,0.49778267919942437,3f7b0a76b8d1183cc46f8e0847eecf50806a34ab8269956765d883e8bcd885cf
movielens1m,413,naive-recalibrated-2c,30,user_macro_accuracy,0.5004972055412643,3f7b0a76b8d1183cc46f8e0847eecf50806a34ab8269956765d883e8bcd885cf
movielens1m,413,naive-recalibrated-2c,40,user_macro_accuracy,0.5153972350680185,3f7b0a76b8d1183cc46f8e0847eecf50806a34ab8269956765d883e8bcd885cf
movielens1m,413,naive-recalibrated-2c,50,user_macro_accuracy,0.5126377134040262,3f7b0a76b8d1183cc46f8e0847eecf50806a34ab8269956765d883e8bcd885cf
movielens1m,414,naive-recalibrated-2c,0,user_macro_accuracy,0.507106858149167,10599c14efff0b2d28356644ec751da80333bfc7a8a0cdb408326644dd260955
movielens1m,414,naive-recalibrated-2c,10,user_macro_accuracy,0.5116062113747368,10599c14efff0b2d28356644ec751da80333bfc7a8a0cdb408326644dd260955
movielens1m,414,naive-recalibrated-2c,20,user_macro_accuracy,0.5117022837846384,10599c14efff0b2d28356644ec751da80333bfc7a8a0cdb408326644dd260955
movielens1m,414,naive-recalibrated-2c,30,user_macro_accuracy,0.5095243231744948,10599c14efff0b2d28356644ec751da80333bfc7a8a0cdb408326644dd260955
movielens1m,414,naive-recalibrated-2c,40,user_macro_accuracy,0.5116880705430981,10599c14efff0b2d28356644ec751da80333bfc7a8a0cdb408326644dd260955
movielens1m,414,naive-recalibrated-2c,50,user_macro_accuracy,0.5070794729750764,10599c14efff0b2d28356644ec751da80333bfc7a8a0cdb408326644dd260955
movielens1m,415,naive-recalibrated-2c,0,user_macro_accuracy,0.49472946744511714,b7f3f8b73d3b0e6210a7f0201ab0127d15a799fb0e2fa5405acde12b4a4eff2d
movielens1m,415,naive-recalibrated-2c,10,user_macro_accuracy,0.5085854726641171,b7f3f8b73d3b0e6210a7f0201ab0127d15a799fb0e2fa5405acde12b4a4eff2d
movielens1m,415,naive-recalibrated-2c,20,user_macro_accuracy,0.509634714139888,b7f3f8b73d3b0e6210a7f0201ab0127d15a799fb0e2fa5405acde12b4a4eff2d
movielens1m,415,naive-recalibrated-2c,30,user_macro_accuracy,0.5172681039845025,b7f3f8b73d3b0e6210a7f0201ab0127d15a799fb0e2fa5405acde12b4a4eff2d
movielens1m,415,naive-recalibrated-2c,40,user_macro_accuracy,0.518733652049879,b7f3f8b73d3b0e6210a7f0201ab0127d15a799fb0e2fa5405acde12b4a4eff2d
movielens1m,415,naive-recalibrated-2c,50,user_macro_accuracy,0.5181082512262096,b7f3f8b73d3b0e6210a7f0201ab0127d15a799fb0e2fa5405acde12b4a4eff2d
movielens1m,416,naive-recalibrated-2c,0,user_macro_accuracy,0.5056569907009654,cac5806d4d1a7b432ca478f3bdaf9b3069cb67cab925e7a433646ab4ca41c906
movielens1m,416,naive-recalibrated-2c,10,user_macro_accuracy,0.5166561202475777,cac5806d4d1a7b432ca478f3bdaf9b3069cb67cab925e7a433646ab4ca41c906
movielens1m,416,naive-recalibrated-2c,20,user_macro_accuracy,0.4863977683601876,cac5806d4d1a7b432ca478f3bdaf9b3069cb67cab925e7a433646ab4ca41c906
movielens1m,416,naive-recalibrated-2c,30,user_macro_accuracy,0.4836768526771808,cac5806d4d1a7b432ca478f3bdaf9b3069cb67cab925e7a433646ab4ca41c906
movielens1m,416,naive-recalibrated-2c,40,user_macro_accuracy,0.504084993329609,cac5806d4d1a7b432ca478f3bdaf9b3069cb67cab925e7a433646ab4ca41c906
movielens1m,416,naive-recalibrated-2c,50,user_macro_accuracy,0.5161853918539122,cac5806d4d1a7b432ca478f3bdaf9b3069cb67cab925e7a433646ab4ca41c906
movielens1m,417,naive-recalibrated-2c,0,user_macro_accuracy,0.5015961887780437,1cddb1a582d982837c6c83605b742db8d684568859e5d711463e2610e261c89f
movielens1m,417,naive-recalibrated-2c,10,user_macro_accuracy,0.5139921239495711,1cddb1a582d982837c6c83605b742db8d684568859e5d711463e2610e261c89f
movielens1m,417,naive-recalibrated-2c,20,user_macro_accuracy,0.5088986022318991,1cddb1a582d982837c6c83605b742db8d684568859e5d711463e2610e261c89f
movielens1m,417,naive-recalibrated-2c,30,user_macro_accuracy,0.5087510724093289,1cddb1a582d982837c6c83605b742db8d684568859e5d711463e2610e261c89f
movielens1m,417,naive-recalibrated-2c,40,user_macro_accuracy,0.49610503282562946,1cddb1a582d982837c6c83605b742db8d684568859e5d711463e2610e261c89f
movielens1m,417,naive-recalibrated-2c,50,user_macro_accuracy,0.496355984418619,1cddb1a582d982837c6c83605b742db8d684568859e5d711463e2610e261c89f
movielens1m,418,naive-recalibrated-2c,0,user_macro_accuracy,0.49539024342287735,d0c123e71352994882e913b297c07422d3437849f2e966af32350695acb0d607
movielens1m,418,naive-recalibrated-2c,10,user_macro_accuracy,0.4828575912550455,d0c123e71352994882e913b297c07422d3437849f2e966af32350695acb0d607
movielens1m,418,naive-recalibrated-2c,20,user_macro_accuracy,0.48845692364730087,d0c123e71352994882e913b297c07422d3437849f2e966af32350695acb0d607
movielens1m,418,naive-recalibrated-2c,30,user_macro_accuracy,0.5082578945364398,d0c123e71352994882e913b297c07422d3437849f2e966af32350695acb0d607
movielens1m,418,naive-recalibrated-2c,40,user_macro_accuracy,0.5134716560448321,d0c123e71352994882e913b297c07422d3437849f2e966af32350695acb0d607
movielens1m,418,naive-recalibrated-2c,50,user_macro_accuracy,0.5063704596689437,d0c123e71352994882e913b297c07422d3437849f2e966af32350695acb0d607
movielens1m,419,naive-recalibrated-2c,0,user_macro_accuracy,0.5078932498648308,dea9995c2ed685313537422d9e2275a5e19310d9c2f17f30dcf8435fbe63b5a6
movielens1m,419,naive-recalibrated-2c,10,user_macro_accuracy,0.5148900798384747,dea9995c2ed685313537422d9e2275a5e19310d9c2f17f30dcf8435fbe63b5a6
movielens1m,419,naive-recalibrated-2c,20,user_macro_accuracy,0.517249390675407,dea9995c2ed685313537422d9e2275a5e19310d9c2f17f30dcf8435fbe63b5a6
movielens1m,419,naive-recalibrated-2c,30,user_macro_accuracy,0.5107539826976916,dea9995c2ed685313537422d9e2275a5e19310d9c2f17f30dcf8435fbe63b5a6
movielens1m,419,naive-recalibrated-2c,40,user_macro_accuracy,0.5150402929204501,dea9995c2ed685313537422d9e2275a5e19310d9c2f17f30dcf8435fbe63b5a6
movielens1m,419,naive-recalibrated-2c,50,user_macro_accuracy,0.5164251601356022,dea9995c2ed685313537422d9e2275a5e19310d9c2f17f30dcf8435fbe63b5a6
movielens1m,410,stable-local-fallback,0,user_macro_accuracy,0.48942329252275074,25da5326aea44ca3c4fae6e4b8f5ba4bcd00e4ac4ae11bdfbfd4a15f25fcecc0
movielens1m,410,stable-local-fallback,10,user_macro_accuracy,0.5006704815795373,25da5326aea44ca3c4fae6e4b8f5ba4bcd00e4ac4ae11bdfbfd4a15f25fcecc0
movielens1m,410,stable-local-fallback,20,user_macro_accuracy,0.4752511507950328,25da5326aea44ca3c4fae6e4b8f5ba4bcd00e4ac4ae11bdfbfd4a15f25fcecc0
movielens1m,410,stable-local-fallback,30,user_macro_accuracy,0.4992817627079724,25da5326aea44ca3c4fae6e4b8f5ba4bcd00e4ac4ae11bdfbfd4a15f25fcecc0
movielens1m,410,stable-local-fallback,40,user_macro_accuracy,0.49440717418241303,25da5326aea44ca3c4fae6e4b8f5ba4bcd00e4ac4ae11bdfbfd4a15f25fcecc0
movielens1m,410,stable-local-fallback,50,user_macro_accuracy,0.4900176107049424,25da5326aea44ca3c4fae6e4b8f5ba4bcd00e4ac4ae11bdfbfd4a15f25fcecc0
movielens1m,411,stable-local-fallback,0,user_macro_accuracy,0.512359032090288,e2b6fa75881f7e4c6ea938af98a5357d37f36d6781eee660969dc2411e93c0a8
movielens1m,411,stable-local-fallback,10,user_macro_accuracy,0.5105180805298335,e2b6fa75881f7e4c6ea938af98a5357d37f36d6781eee660969dc2411e93c0a8
movielens1m,411,stable-local-fallback,20,user_macro_accuracy,0.5126371784296976,e2b6fa75881f7e4c6ea938af98a5357d37f36d6781eee660969dc2411e93c0a8
movielens1m,411,stable-local-fallback,30,user_macro_accuracy,0.513887122546456,e2b6fa75881f7e4c6ea938af98a5357d37f36d6781eee660969dc2411e93c0a8
movielens1m,411,stable-local-fallback,40,user_macro_accuracy,0.5132323007071374,e2b6fa75881f7e4c6ea938af98a5357d37f36d6781eee660969dc2411e93c0a8
movielens1m,411,stable-local-fallback,50,user_macro_accuracy,0.5173338219632977,e2b6fa75881f7e4c6ea938af98a5357d37f36d6781eee660969dc2411e93c0a8
movielens1m,412,stable-local-fallback,0,user_macro_accuracy,0.49499264027259887,87e6d72be07a924a14d93158efd816700f38987731a00529e9c0c2c36f8384f9
movielens1m,412,stable-local-fallback,10,user_macro_accuracy,0.4965023715279301,87e6d72be07a924a14d93158efd816700f38987731a00529e9c0c2c36f8384f9
movielens1m,412,stable-local-fallback,20,user_macro_accuracy,0.4946207106023703,87e6d72be07a924a14d93158efd816700f38987731a00529e9c0c2c36f8384f9
movielens1m,412,stable-local-fallback,30,user_macro_accuracy,0.5243642707027246,87e6d72be07a924a14d93158efd816700f38987731a00529e9c0c2c36f8384f9
movielens1m,412,stable-local-fallback,40,user_macro_accuracy,0.518455107626379,87e6d72be07a924a14d93158efd816700f38987731a00529e9c0c2c36f8384f9
movielens1m,412,stable-local-fallback,50,user_macro_accuracy,0.5218133574596087,87e6d72be07a924a14d93158efd816700f38987731a00529e9c0c2c36f8384f9
movielens1m,413,stable-local-fallback,0,user_macro_accuracy,0.5106559030541481,4c82dd1c1074dbed582e5acc090859b35267bf21ccee5e80f3e045b31473946c
movielens1m,413,stable-local-fallback,10,user_macro_accuracy,0.5094180767383756,4c82dd1c1074dbed582e5acc090859b35267bf21ccee5e80f3e045b31473946c
movielens1m,413,stable-local-fallback,20,user_macro_accuracy,0.49615200048751007,4c82dd1c1074dbed582e5acc090859b35267bf21ccee5e80f3e045b31473946c
movielens1m,413,stable-local-fallback,30,user_macro_accuracy,0.5025419256569646,4c82dd1c1074dbed582e5acc090859b35267bf21ccee5e80f3e045b31473946c
movielens1m,413,stable-local-fallback,40,user_macro_accuracy,0.5144194941335791,4c82dd1c1074dbed582e5acc090859b35267bf21ccee5e80f3e045b31473946c
movielens1m,413,stable-local-fallback,50,user_macro_accuracy,0.5069205728080493,4c82dd1c1074dbed582e5acc090859b35267bf21ccee5e80f3e045b31473946c
movielens1m,414,stable-local-fallback,0,user_macro_accuracy,0.507106858149167,ba5b96d11c4b4c3e2f1571bee79a20e10b8ad18e1cbfe9b9d48f7df48987d0ff
movielens1m,414,stable-local-fallback,10,user_macro_accuracy,0.5100940196729754,ba5b96d11c4b4c3e2f1571bee79a20e10b8ad18e1cbfe9b9d48f7df48987d0ff
movielens1m,414,stable-local-fallback,20,user_macro_accuracy,0.5133306638851296,ba5b96d11c4b4c3e2f1571bee79a20e10b8ad18e1cbfe9b9d48f7df48987d0ff
movielens1m,414,stable-local-fallback,30,user_macro_accuracy,0.5175828452820392,ba5b96d11c4b4c3e2f1571bee79a20e10b8ad18e1cbfe9b9d48f7df48987d0ff
movielens1m,414,stable-local-fallback,40,user_macro_accuracy,0.5225930083079178,ba5b96d11c4b4c3e2f1571bee79a20e10b8ad18e1cbfe9b9d48f7df48987d0ff
movielens1m,414,stable-local-fallback,50,user_macro_accuracy,0.5125876629440366,ba5b96d11c4b4c3e2f1571bee79a20e10b8ad18e1cbfe9b9d48f7df48987d0ff
movielens1m,415,stable-local-fallback,0,user_macro_accuracy,0.49472946744511714,9b41225d1635fbf66964e9052c434bae65ed0b2268c744a5e76ded89aef13396
movielens1m,415,stable-local-fallback,10,user_macro_accuracy,0.5061064042876702,9b41225d1635fbf66964e9052c434bae65ed0b2268c744a5e76ded89aef13396
movielens1m,415,stable-local-fallback,20,user_macro_accuracy,0.5049548628444761,9b41225d1635fbf66964e9052c434bae65ed0b2268c744a5e76ded89aef13396
movielens1m,415,stable-local-fallback,30,user_macro_accuracy,0.5128261181499336,9b41225d1635fbf66964e9052c434bae65ed0b2268c744a5e76ded89aef13396
movielens1m,415,stable-local-fallback,40,user_macro_accuracy,0.516177936248092,9b41225d1635fbf66964e9052c434bae65ed0b2268c744a5e76ded89aef13396
movielens1m,415,stable-local-fallback,50,user_macro_accuracy,0.5127829275657213,9b41225d1635fbf66964e9052c434bae65ed0b2268c744a5e76ded89aef13396
movielens1m,416,stable-local-fallback,0,user_macro_accuracy,0.5056569907009654,66b7c35501a3c13ff26a7330bfaf147253ee96e0ebe616572cf33904f8109f5b
movielens1m,416,stable-local-fallback,10,user_macro_accuracy,0.5128498867076822,66b7c35501a3c13ff26a7330bfaf147253ee96e0ebe616572cf33904f8109f5b
movielens1m,416,stable-local-fallback,20,user_macro_accuracy,0.4902505392998813,66b7c35501a3c13ff26a7330bfaf147253ee96e0ebe616572cf33904f8109f5b
movielens1m,416,stable-local-fallback,30,user_macro_accuracy,0.48226493150868066,66b7c35501a3c13ff26a7330bfaf147253ee96e0ebe616572cf33904f8109f5b
movielens1m,416,stable-local-fallback,40,user_macro_accuracy,0.5043923153044839,66b7c35501a3c13ff26a7330bfaf147253ee96e0ebe616572cf33904f8109f5b
movielens1m,416,stable-local-fallback,50,user_macro_accuracy,0.5128378096224879,66b7c35501a3c13ff26a7330bfaf147253ee96e0ebe616572cf33904f8109f5b
movielens1m,417,stable-local-fallback,0,user_macro_accuracy,0.5015961887780437,522e50eb0b02acd58f13383a39310e497c6362751789bfcbbd8267410d4ee79b
movielens1m,417,stable-local-fallback,10,user_macro_accuracy,0.5112275481500647,522e50eb0b02acd58f13383a39310e497c6362751789bfcbbd8267410d4ee79b
movielens1m,417,stable-local-fallback,20,user_macro_accuracy,0.5125882704965101,522e50eb0b02acd58f13383a39310e497c6362751789bfcbbd8267410d4ee79b
movielens1m,417,stable-local-fallback,30,user_macro_accuracy,0.506598118256013,522e50eb0b02acd58f13383a39310e497c6362751789bfcbbd8267410d4ee79b
movielens1m,417,stable-local-fallback,40,user_macro_accuracy,0.4888300739589103,522e50eb0b02acd58f13383a39310e497c6362751789bfcbbd8267410d4ee79b
movielens1m,417,stable-local-fallback,50,user_macro_accuracy,0.4985234979588696,522e50eb0b02acd58f13383a39310e497c6362751789bfcbbd8267410d4ee79b
movielens1m,418,stable-local-fallback,0,user_macro_accuracy,0.49539024342287735,4495cffb6f3666dcbe9614daa4b4a77cd0686392423811652c11104b465bcfe9
movielens1m,418,stable-local-fallback,10,user_macro_accuracy,0.4791237887555528,4495cffb6f3666dcbe9614daa4b4a77cd0686392423811652c11104b465bcfe9
movielens1m,418,stable-local-fallback,20,user_macro_accuracy,0.4858508411647629,4495cffb6f3666dcbe9614daa4b4a77cd0686392423811652c11104b465bcfe9
movielens1m,418,stable-local-fallback,30,user_macro_accuracy,0.49854778824876583,4495cffb6f3666dcbe9614daa4b4a77cd0686392423811652c11104b465bcfe9
movielens1m,418,stable-local-fallback,40,user_macro_accuracy,0.500572887402104,4495cffb6f3666dcbe9614daa4b4a77cd0686392423811652c11104b465bcfe9
movielens1m,418,stable-local-fallback,50,user_macro_accuracy,0.49608976884330236,4495cffb6f3666dcbe9614daa4b4a77cd0686392423811652c11104b465bcfe9
movielens1m,419,stable-local-fallback,0,user_macro_accuracy,0.5078932498648308,6f873a012a957518a6f3837428b9a26687926ebcc4659eaa04ee516980e6ff62
movielens1m,419,stable-local-fallback,10,user_macro_accuracy,0.514206421603329,6f873a012a957518a6f3837428b9a26687926ebcc4659eaa04ee516980e6ff62
movielens1m,419,stable-local-fallback,20,user_macro_accuracy,0.514223266548142,6f873a012a957518a6f3837428b9a26687926ebcc4659eaa04ee516980e6ff62
movielens1m,419,stable-local-fallback,30,user_macro_accuracy,0.5114257026563023,6f873a012a957518a6f3837428b9a26687926ebcc4659eaa04ee516980e6ff62
movielens1m,419,stable-local-fallback,40,user_macro_accuracy,0.5123380666124979,6f873a012a957518a6f3837428b9a26687926ebcc4659eaa04ee516980e6ff62
movielens1m,419,stable-local-fallback,50,user_macro_accuracy,0.5144175040542905,6f873a012a957518a6f3837428b9a26687926ebcc4659eaa04ee516980e6ff62
movielens1m,410,unitscope-lambda-sweep,0,user_macro_accuracy,0.48942329252275074,ab4301ceedbf38a0e69e5281a4a4177f7b9d567d00f637f3d85bd65d539a8f2f
movielens1m,410,unitscope-lambda-sweep,10,user_macro_accuracy,0.4930232248507588,ab4301ceedbf38a0e69e5281a4a4177f7b9d567d00f637f3d85bd65d539a8f2f
movielens1m,410,unitscope-lambda-sweep,20,user_macro_accuracy,0.4764065910620292,ab4301ceedbf38a0e69e5281a4a4177f7b9d567d00f637f3d85bd65d539a8f2f
movielens1m,410,unitscope-lambda-sweep,30,user_macro_accuracy,0.5150407527230451,ab4301ceedbf38a0e69e5281a4a4177f7b9d567d00f637f3d85bd65d539a8f2f
movielens1m,410,unitscope-lambda-sweep,40,user_macro_accuracy,0.4968118099884068,ab4301ceedbf38a0e69e5281a4a4177f7b9d567d00f637f3d85bd65d539a8f2f
movielens1m,410,unitscope-lambda-sweep,50,user_macro_accuracy,0.4908131934425262,ab4301ceedbf38a0e69e5281a4a4177f7b9d567d00f637f3d85bd65d539a8f2f
movielens1m,411,unitscope-lambda-sweep,0,user_macro_accuracy,0.512359032090288,a8df2a80f3d2f340390c5219a53bb741a9efdf5b8b5fbe874417ad39f839bb99
movielens1m,411,unitscope-lambda-sweep,10,user_macro_accuracy,0.5114318301072827,a8df2a80f3d2f340390c5219a53bb741a9efdf5b8b5fbe874417ad39f839bb99
movielens1m,411,unitscope-lambda-sweep,20,user_macro_accuracy,0.5116983567021762,a8df2a80f3d2f340390c5219a53bb741a9efdf5b8b5fbe874417ad39f839bb99
movielens1m,411,unitscope-lambda-sweep,30,user_macro_accuracy,0.5145491597970313,a8df2a80f3d2f340390c5219a53bb741a9efdf5b8b5fbe874417ad39f839bb99
movielens1m,411,unitscope-lambda-sweep,40,user_macro_accuracy,0.5140118317685116,a8df2a80f3d2f340390c5219a53bb741a9efdf5b8b5fbe874417ad39f839bb99
movielens1m,411,unitscope-lambda-sweep,50,user_macro_accuracy,0.5131625753931162,a8df2a80f3d2f340390c5219a53bb741a9efdf5b8b5fbe874417ad39f839bb99
movielens1m,412,unitscope-lambda-sweep,0,user_macro_accuracy,0.49499264027259887,e5c411e122508ae0641bce7519a163b1238c0ec2a2c9787e2be80cfbc8675fa2
movielens1m,412,unitscope-lambda-sweep,10,user_macro_accuracy,0.49576750378198253,e5c411e122508ae0641bce7519a163b1238c0ec2a2c9787e2be80cfbc8675fa2
movielens1m,412,unitscope-lambda-sweep,20,user_macro_accuracy,0.4945643981784108,e5c411e122508ae0641bce7519a163b1238c0ec2a2c9787e2be80cfbc8675fa2
movielens1m,412,unitscope-lambda-sweep,30,user_macro_accuracy,0.5281783145350584,e5c411e122508ae0641bce7519a163b1238c0ec2a2c9787e2be80cfbc8675fa2
movielens1m,412,unitscope-lambda-sweep,40,user_macro_accuracy,0.5265739665973462,e5c411e122508ae0641bce7519a163b1238c0ec2a2c9787e2be80cfbc8675fa2
movielens1m,412,unitscope-lambda-sweep,50,user_macro_accuracy,0.5246394942082366,e5c411e122508ae0641bce7519a163b1238c0ec2a2c9787e2be80cfbc8675fa2
movielens1m,413,unitscope-lambda-sweep,0,user_macro_accuracy,0.5106559030541481,8f81315e2bc9b2a03dfe82283428a67421e0ff86ecbae90f61dafef7384a9042
movielens1m,413,unitscope-lambda-sweep,10,user_macro_accuracy,0.5107572385288094,8f81315e2bc9b2a03dfe82283428a67421e0ff86ecbae90f61dafef7384a9042
movielens1m,413,unitscope-lambda-sweep,20,user_macro_accuracy,0.494511582651095,8f81315e2bc9b2a03dfe82283428a67421e0ff86ecbae90f61dafef7384a9042
movielens1m,413,unitscope-lambda-sweep,30,user_macro_accuracy,0.49277010152829576,8f81315e2bc9b2a03dfe82283428a67421e0ff86ecbae90f61dafef7384a9042
movielens1m,413,unitscope-lambda-sweep,40,user_macro_accuracy,0.5129855814189002,8f81315e2bc9b2a03dfe82283428a67421e0ff86ecbae90f61dafef7384a9042
movielens1m,413,unitscope-lambda-sweep,50,user_macro_accuracy,0.5126648559269286,8f81315e2bc9b2a03dfe82283428a67421e0ff86ecbae90f61dafef7384a9042
movielens1m,414,unitscope-lambda-sweep,0,user_macro_accuracy,0.507106858149167,ceac10f764a8a76763d23f74231e422311987cc7e9f03fbdc96866c33e9c43e7
movielens1m,414,unitscope-lambda-sweep,10,user_macro_accuracy,0.5103762344588078,ceac10f764a8a76763d23f74231e422311987cc7e9f03fbdc96866c33e9c43e7
movielens1m,414,unitscope-lambda-sweep,20,user_macro_accuracy,0.5109949243609225,ceac10f764a8a76763d23f74231e422311987cc7e9f03fbdc96866c33e9c43e7
movielens1m,414,unitscope-lambda-sweep,30,user_macro_accuracy,0.5147971819367448,ceac10f764a8a76763d23f74231e422311987cc7e9f03fbdc96866c33e9c43e7
movielens1m,414,unitscope-lambda-sweep,40,user_macro_accuracy,0.5180689323707057,ceac10f764a8a76763d23f74231e422311987cc7e9f03fbdc96866c33e9c43e7
movielens1m,414,unitscope-lambda-sweep,50,user_macro_accuracy,0.5123161930929631,ceac10f764a8a76763d23f74231e422311987cc7e9f03fbdc96866c33e9c43e7
movielens1m,415,unitscope-lambda-sweep,0,user_macro_accuracy,0.49472946744511714,c62d648b292a4165479ca1eeec72eb2aa7f3ff17ca46b9574c6e8c0c93c52fcd
movielens1m,415,unitscope-lambda-sweep,10,user_macro_accuracy,0.5087818370187044,c62d648b292a4165479ca1eeec72eb2aa7f3ff17ca46b9574c6e8c0c93c52fcd
movielens1m,415,unitscope-lambda-sweep,20,user_macro_accuracy,0.5087180208232587,c62d648b292a4165479ca1eeec72eb2aa7f3ff17ca46b9574c6e8c0c93c52fcd
movielens1m,415,unitscope-lambda-sweep,30,user_macro_accuracy,0.512053066151641,c62d648b292a4165479ca1eeec72eb2aa7f3ff17ca46b9574c6e8c0c93c52fcd
movielens1m,415,unitscope-lambda-sweep,40,user_macro_accuracy,0.5138300857984615,c62d648b292a4165479ca1eeec72eb2aa7f3ff17ca46b9574c6e8c0c93c52fcd
movielens1m,415,unitscope-lambda-sweep,50,user_macro_accuracy,0.5120049411198625,c62d648b292a4165479ca1eeec72eb2aa7f3ff17ca46b9574c6e8c0c93c52fcd
movielens1m,416,unitscope-lambda-sweep,0,user_macro_accuracy,0.5056569907009654,f92a5d3b76a1cade2d01ac0e235722f7ac5fe4aeaa111962dc0ac0e7c320551b
movielens1m,416,unitscope-lambda-sweep,10,user_macro_accuracy,0.5153278088091994,f92a5d3b76a1cade2d01ac0e235722f7ac5fe4aeaa111962dc0ac0e7c320551b
movielens1m,416,unitscope-lambda-sweep,20,user_macro_accuracy,0.4935580478213824,f92a5d3b76a1cade2d01ac0e235722f7ac5fe4aeaa111962dc0ac0e7c320551b
movielens1m,416,unitscope-lambda-sweep,30,user_macro_accuracy,0.5098283847474099,f92a5d3b76a1cade2d01ac0e235722f7ac5fe4aeaa111962dc0ac0e7c320551b
movielens1m,416,unitscope-lambda-sweep,40,user_macro_accuracy,0.5069947274810311,f92a5d3b76a1cade2d01ac0e235722f7ac5fe4aeaa111962dc0ac0e7c320551b
movielens1m,416,unitscope-lambda-sweep,50,user_macro_accuracy,0.5111221249560528,f92a5d3b76a1cade2d01ac0e235722f7ac5fe4aeaa111962dc0ac0e7c320551b
movielens1m,417,unitscope-lambda-sweep,0,user_macro_accuracy,0.5015961887780437,679b404761a725d0ca107d1c1e2145783a628576a858b0712a9aab0a6b398eba
movielens1m,417,unitscope-lambda-sweep,10,user_macro_accuracy,0.5051886724943916,679b404761a725d0ca107d1c1e2145783a628576a858b0712a9aab0a6b398eba
movielens1m,417,unitscope-lambda-sweep,20,user_macro_accuracy,0.4994125329568777,679b404761a725d0ca107d1c1e2145783a628576a858b0712a9aab0a6b398eba
movielens1m,417,unitscope-lambda-sweep,30,user_macro_accuracy,0.5127161528736017,679b404761a725d0ca107d1c1e2145783a628576a858b0712a9aab0a6b398eba
movielens1m,417,unitscope-lambda-sweep,40,user_macro_accuracy,0.5014041340234974,679b404761a725d0ca107d1c1e2145783a628576a858b0712a9aab0a6b398eba
movielens1m,417,unitscope-lambda-sweep,50,user_macro_accuracy,0.5056547381020814,679b404761a725d0ca107d1c1e2145783a628576a858b0712a9aab0a6b398eba
movielens1m,418,unitscope-lambda-sweep,0,user_macro_accuracy,0.49539024342287735,3b530c3b90a728d5e2a743179a2da693f216d3f3fe2fa038cb59eee9a8e3352a
movielens1m,418,unitscope-lambda-sweep,10,user_macro_accuracy,0.4847390775927507,3b530c3b90a728d5e2a743179a2da693f216d3f3fe2fa038cb59eee9a8e3352a
movielens1m,418,unitscope-lambda-sweep,20,user_macro_accuracy,0.4896032635839306,3b530c3b90a728d5e2a743179a2da693f216d3f3fe2fa038cb59eee9a8e3352a
movielens1m,418,unitscope-lambda-sweep,30,user_macro_accuracy,0.5046134461812547,3b530c3b90a728d5e2a743179a2da693f216d3f3fe2fa038cb59eee9a8e3352a
movielens1m,418,unitscope-lambda-sweep,40,user_macro_accuracy,0.5112949404104169,3b530c3b90a728d5e2a743179a2da693f216d3f3fe2fa038cb59eee9a8e3352a
movielens1m,418,unitscope-lambda-sweep,50,user_macro_accuracy,0.5102921655430489,3b530c3b90a728d5e2a743179a2da693f216d3f3fe2fa038cb59eee9a8e3352a
movielens1m,419,unitscope-lambda-sweep,0,user_macro_accuracy,0.5078932498648308,4cca7e95cf25694e6956bbd06279264f511c98a3c3c975c2022449e0d274514c
movielens1m,419,unitscope-lambda-sweep,10,user_macro_accuracy,0.5156553213267442,4cca7e95cf25694e6956bbd06279264f511c98a3c3c975c2022449e0d274514c
movielens1m,419,unitscope-lambda-sweep,20,user_macro_accuracy,0.5125622316560363,4cca7e95cf25694e6956bbd06279264f511c98a3c3c975c2022449e0d274514c
movielens1m,419,unitscope-lambda-sweep,30,user_macro_accuracy,0.511529869322969,4cca7e95cf25694e6956bbd06279264f511c98a3c3c975c2022449e0d274514c
movielens1m,419,unitscope-lambda-sweep,40,user_macro_accuracy,0.5119591092816712,4cca7e95cf25694e6956bbd06279264f511c98a3c3c975c2022449e0d274514c
movielens1m,419,unitscope-lambda-sweep,50,user_macro_accuracy,0.5145142259361787,4cca7e95cf25694e6956bbd06279264f511c98a3c3c975c2022449e0d274514c
