dataset,replicate,seed,method,round,epsilon,metric_name,metric_value
femnist,0,100,unitscope-lambda-sweep,0,0.0,user_macro_accuracy,0.15671875
femnist,0,100,unitscope-lambda-sweep,10,1.7096469091901927,user_macro_accuracy,0.10953125
femnist,0,100,unitscope-lambda-sweep,20,2.456862121625803,user_macro_accuracy,0.1428125
femnist,0,100,unitscope-lambda-sweep,30,3.0456862121625807,user_macro_accuracy,0.1553125
femnist,0,100,unitscope-lambda-sweep,40,3.5289407275705784,user_macro_accuracy,0.10796875
femnist,0,100,unitscope-lambda-sweep,50,4.0,user_macro_accuracy,0.12
femnist,0,100,naive-recalibrated-2c,0,0.0,user_macro_accuracy,0.15671875
femnist,0,100,naive-recalibrated-2c,10,1.7096469091901927,user_macro_accuracy,0.0996875
femnist,0,100,naive-recalibrated-2c,20,2.456862121625803,user_macro_accuracy,0.13234375
femnist,0,100,naive-recalibrated-2c,30,3.0456862121625807,user_macro_accuracy,0.17734375
femnist,0,100,naive-recalibrated-2c,40,3.5289407275705784,user_macro_accuracy,0.121875
femnist,0,100,naive-recalibrated-2c,50,4.0,user_macro_accuracy,0.10203125
femnist,0,100,handle-only-drop-residual,0,0.0,user_macro_accuracy,0.15671875
femnist,0,100,handle-only-drop-residual,10,1.7096469091901927,user_macro_accuracy,0.11046875
femnist,0,100,handle-only-drop-residual,20,2.456862121625803,user_macro_accuracy,0.15046875
femnist,0,100,handle-only-drop-residual,30,3.0456862121625807,user_macro_accuracy,0.15625
femnist,0,100,handle-only-drop-residual,40,3.5289407275705784,user_macro_accuracy,0.11
femnist,0,100,handle-only-drop-residual,50,4.0,user_macro_accuracy,0.12265625
femnist,0,100,stable-local-fallback,0,0.0,user_macro_accuracy,0.15671875
femnist,0,100,stable-local-fallback,10,1.7096469091901927,user_macro_accuracy,0.10390625
femnist,0,100,stable-local-fallback,20,2.456862121625803,user_macro_accuracy,0.1021875
femnist,0,100,stable-local-fallback,30,3.0456862121625807,user_macro_accuracy,0.15109375
femnist,0,100,stable-local-fallback,40,3.5289407275705784,user_macro_accuracy,0.10265625
femnist,0,100,stable-local-fallback,50,4.0,user_macro_accuracy,0.1128125
femnist,1,101,unitscope-lambda-sweep,0,0.0,user_macro_accuracy,0.09421875
femnist,1,101,unitscope-lambda-sweep,10,1.7096469091901927,user_macro_accuracy,0.08328125
femnist,1,101,unitscope-lambda-sweep,20,2.456862121625803,user_macro_accuracy,0.09390625
femnist,1,101,unitscope-lambda-sweep,30,3.0456862121625807,user_macro_accuracy,0.13109375
femnist,1,101,unitscope-lambda-sweep,40,3.5289407275705784,user_macro_accuracy,0.1071875
femnist,1,101,unitscope-lambda-sweep,50,4.0,user_macro_accuracy,0.1725
femnist,1,101,handle-only-drop-residual,0,0.0,user_macro_accuracy,0.09421875
femnist,1,101,handle-only-drop-residual,10,1.7096469091901927,user_macro_accuracy,0.08296875
femnist,1,101,handle-only-drop-residual,20,2.456862121625803,user_macro_accuracy,0.093125
femnist,1,101,handle-only-drop-residual,30,3.0456862121625807,user_macro_accuracy,0.12875
femnist,1,101,handle-only-drop-residual,40,3.5289407275705784,user_macro_accuracy,0.113125
femnist,1,101,handle-only-drop-residual,50,4.0,user_macro_accuracy,0.17265625
femnist,1,101,naive-recalibrated-2c,0,0.0,user_macro_accuracy,0.09421875
femnist,1,101,naive-recalibrated-2c,10,1.7096469091901927,user_macro_accuracy,0.145625
femnist,1,101,naive-recalibrated-2c,20,2.456862121625803,user_macro_accuracy,0.1575
femnist,1,101,naive-recalibrated-2c,30,3.0456862121625807,user_macro_accuracy,0.103125
femnist,1,101,naive-recalibrated-2c,40,3.5289407275705784,user_macro_accuracy,0.120625
femnist,1,101,naive-recalibrated-2c,50,4.0,user_macro_accuracy,0.146875
femnist,1,101,stable-local-fallback,0,0.0,user_macro_accuracy,0.09421875
femnist,1,101,stable-local-fallback,10,1.7096469091901927,user_macro_accuracy,0.08921875
femnist,1,101,stable-local-fallback,20,2.456862121625803,user_macro_accuracy,0.09421875
femnist,1,101,stable-local-fallback,30,3.0456862121625807,user_macro_accuracy,0.12640625
femnist,1,101,stable-local-fallback,40,3.5289407275705784,user_macro_accuracy,0.08296875
femnist,1,101,stable-local-fallback,50,4.0,user_macro_accuracy,0.15390625
femnist,2,102,unitscope-lambda-sweep,0,0.0,user_macro_accuracy,0.11203125
femnist,2,102,unitscope-lambda-sweep,10,1.7096469091901927,user_macro_accuracy,0.15703125
femnist,2,102,unitscope-lambda-sweep,20,2.456862121625803,user_macro_accuracy,0.13828125
femnist,2,102,unitscope-lambda-sweep,30,3.0456862121625807,user_macro_accuracy,0.1353125
femnist,2,102,unitscope-lambda-sweep,40,3.5289407275705784,user_macro_accuracy,0.159375
femnist,2,102,unitscope-lambda-sweep,50,4.0,user_macro_accuracy,0.168125
femnist,2,102,handle-only-drop-residual,0,0.0,user_macro_accuracy,0.11203125
femnist,2,102,handle-only-drop-residual,10,1.7096469091901927,user_macro_accuracy,0.1571875
femnist,2,102,handle-only-drop-residual,20,2.456862121625803,user_macro_accuracy,0.1375
femnist,2,102,handle-only-drop-residual,30,3.0456862121625807,user_macro_accuracy,0.1465625
femnist,2,102,handle-only-drop-residual,40,3.5289407275705784,user_macro_accuracy,0.1646875
femnist,2,102,handle-only-drop-residual,50,4.0,user_macro_accuracy,0.16625
femnist,2,102,stable-local-fallback,0,0.0,user_macro_accuracy,0.11203125
femnist,2,102,stable-local-fallback,10,1.7096469091901927,user_macro_accuracy,0.1465625
femnist,2,102,stable-local-fallback,20,2.456862121625803,user_macro_accuracy,0.13015625
femnist,2,102,stable-local-fallback,30,3.0456862121625807,user_macro_accuracy,0.07015625
femnist,2,102,stable-local-fallback,40,3.5289407275705784,user_macro_accuracy,0.14125
femnist,2,102,stable-local-fallback,50,4.0,user_macro_accuracy,0.16015625
femnist,2,102,naive-recalibrated-2c,0,0.0,user_macro_accuracy,0.11203125
femnist,2,102,naive-recalibrated-2c,10,1.7096469091901927,user_macro_accuracy,0.16046875
femnist,2,102,naive-recalibrated-2c,20,2.456862121625803,user_macro_accuracy,0.16796875
femnist,2,102,naive-recalibrated-2c,30,3.0456862121625807,user_macro_accuracy,0.14140625
femnist,2,102,naive-recalibrated-2c,40,3.5289407275705784,user_macro_accuracy,0.15296875
femnist,2,102,naive-recalibrated-2c,50,4.0,user_macro_accuracy,0.109375
femnist,3,103,unitscope-lambda-sweep,0,0.0,user_macro_accuracy,0.079375
femnist,3,103,unitscope-lambda-sweep,10,1.7096469091901927,user_macro_accuracy,0.0903125
femnist,3,103,unitscope-lambda-sweep,20,2.456862121625803,user_macro_accuracy,0.10546875
femnist,3,103,unitscope-lambda-sweep,30,3.0456862121625807,user_macro_accuracy,0.098125
femnist,3,103,unitscope-lambda-sweep,40,3.5289407275705784,user_macro_accuracy,0.1025
femnist,3,103,unitscope-lambda-sweep,50,4.0,user_macro_accuracy,0.12578125
femnist,3,103,naive-recalibrated-2c,0,0.0,user_macro_accuracy,0.079375
femnist,3,103,naive-recalibrated-2c,10,1.7096469091901927,user_macro_accuracy,0.0834375
femnist,3,103,naive-recalibrated-2c,20,2.456862121625803,user_macro_accuracy,0.1175
femnist,3,103,naive-recalibrated-2c,30,3.0456862121625807,user_macro_accuracy,0.1228125
femnist,3,103,naive-recalibrated-2c,40,3.5289407275705784,user_macro_accuracy,0.0896875
femnist,3,103,naive-recalibrated-2c,50,4.0,user_macro_accuracy,0.1384375
femnist,3,103,handle-only-drop-residual,0,0.0,user_macro_accuracy,0.079375
femnist,3,103,handle-only-drop-residual,10,1.7096469091901927,user_macro_accuracy,0.08953125
femnist,3,103,handle-only-drop-residual,20,2.456862121625803,user_macro_accuracy,0.10515625
femnist,3,103,handle-only-drop-residual,30,3.0456862121625807,user_macro_accuracy,0.09890625
femnist,3,103,handle-only-drop-residual,40,3.5289407275705784,user_macro_accuracy,0.10421875
femnist,3,103,handle-only-drop-residual,50,4.0,user_macro_accuracy,0.12765625
femnist,3,103,stable-local-fallback,0,0.0,user_macro_accuracy,0.079375
femnist,3,103,stable-local-fallback,10,1.7096469091901927,user_macro_accuracy,0.0921875
femnist,3,103,stable-local-fallback,20,2.456862121625803,user_macro_accuracy,0.1078125
femnist,3,103,stable-local-fallback,30,3.0456862121625807,user_macro_accuracy,0.09109375
femnist,3,103,stable-local-fallback,40,3.5289407275705784,user_macro_accuracy,0.09421875
femnist,3,103,stable-local-fallback,50,4.0,user_macro_accuracy,0.10453125
femnist,4,104,handle-only-drop-residual,0,0.0,user_macro_accuracy,0.06484375
femnist,4,104,handle-only-drop-residual,10,1.7096469091901927,user_macro_accuracy,0.10296875
femnist,4,104,handle-only-drop-residual,20,2.456862121625803,user_macro_accuracy,0.09828125
femnist,4,104,handle-only-drop-residual,30,3.0456862121625807,user_macro_accuracy,0.21640625
femnist,4,104,handle-only-drop-residual,40,3.5289407275705784,user_macro_accuracy,0.13015625
femnist,4,104,handle-only-drop-residual,50,4.0,user_macro_accuracy,0.18015625
femnist,4,104,naive-recalibrated-2c,0,0.0,user_macro_accuracy,0.06484375
femnist,4,104,naive-recalibrated-2c,10,1.7096469091901927,user_macro_accuracy,0.1084375
femnist,4,104,naive-recalibrated-2c,20,2.456862121625803,user_macro_accuracy,0.101875
femnist,4,104,naive-recalibrated-2c,30,3.0456862121625807,user_macro_accuracy,0.10015625
femnist,4,104,naive-recalibrated-2c,40,3.5289407275705784,user_macro_accuracy,0.11359375
femnist,4,104,naive-recalibrated-2c,50,4.0,user_macro_accuracy,0.1628125
femnist,4,104,unitscope-lambda-sweep,0,0.0,user_macro_accuracy,0.06484375
femnist,4,104,unitscope-lambda-sweep,10,1.7096469091901927,user_macro_accuracy,0.09578125
femnist,4,104,unitscope-lambda-sweep,20,2.456862121625803,user_macro_accuracy,0.0984375
femnist,4,104,unitscope-lambda-sweep,30,3.0456862121625807,user_macro_accuracy,0.20859375
femnist,4,104,unitscope-lambda-sweep,40,3.5289407275705784,user_macro_accuracy,0.1246875
femnist,4,104,unitscope-lambda-sweep,50,4.0,user_macro_accuracy,0.17609375
femnist,4,104,stable-local-fallback,0,0.0,user_macro_accuracy,0.06484375
femnist,4,104,stable-local-fallback,10,1.7096469091901927,user_macro_accuracy,0.11359375
femnist,4,104,stable-local-fallback,20,2.456862121625803,user_macro_accuracy,0.10203125
femnist,4,104,stable-local-fallback,30,3.0456862121625807,user_macro_accuracy,0.20609375
femnist,4,104,stable-local-fallback,40,3.5289407275705784,user_macro_accuracy,0.09875
femnist,4,104,stable-local-fallback,50,4.0,user_macro_accuracy,0.16296875
femnist,5,105,handle-only-drop-residual,0,0.0,user_macro_accuracy,0.12357142857142858
femnist,5,105,handle-only-drop-residual,10,1.7096469091901927,user_macro_accuracy,0.10383928571428572
femnist,5,105,handle-only-drop-residual,20,2.456862121625803,user_macro_accuracy,0.14388392857142857
femnist,5,105,handle-only-drop-residual,30,3.0456862121625807,user_macro_accuracy,0.12466517857142857
femnist,5,105,handle-only-drop-residual,40,3.5289407275705784,user_macro_accuracy,0.17459821428571431
femnist,5,105,handle-only-drop-residual,50,4.0,user_macro_accuracy,0.17180803571428568
femnist,5,105,naive-recalibrated-2c,0,0.0,user_macro_accuracy,0.12357142857142858
femnist,5,105,naive-recalibrated-2c,10,1.7096469091901927,user_macro_accuracy,0.10352678571428571
femnist,5,105,naive-recalibrated-2c,20,2.456862121625803,user_macro_accuracy,0.11102678571428572
femnist,5,105,naive-recalibrated-2c,30,3.0456862121625807,user_macro_accuracy,0.11821428571428572
femnist,5,105,naive-recalibrated-2c,40,3.5289407275705784,user_macro_accuracy,0.1305580357142857
femnist,5,105,naive-recalibrated-2c,50,4.0,user_macro_accuracy,0.1791517857142857
femnist,5,105,unitscope-lambda-sweep,0,0.0,user_macro_accuracy,0.12357142857142858
femnist,5,105,unitscope-lambda-sweep,10,1.7096469091901927,user_macro_accuracy,0.10415178571428571
femnist,5,105,unitscope-lambda-sweep,20,2.456862121625803,user_macro_accuracy,0.14341517857142858
femnist,5,105,unitscope-lambda-sweep,30,3.0456862121625807,user_macro_accuracy,0.11888392857142857
femnist,5,105,unitscope-lambda-sweep,40,3.5289407275705784,user_macro_accuracy,0.16564732142857141
femnist,5,105,unitscope-lambda-sweep,50,4.0,user_macro_accuracy,0.16560267857142857
femnist,5,105,stable-local-fallback,0,0.0,user_macro_accuracy,0.12357142857142858
femnist,5,105,stable-local-fallback,10,1.7096469091901927,user_macro_accuracy,0.10446428571428572
femnist,5,105,stable-local-fallback,20,2.456862121625803,user_macro_accuracy,0.12904017857142858
femnist,5,105,stable-local-fallback,30,3.0456862121625807,user_macro_accuracy,0.09466517857142857
femnist,5,105,stable-local-fallback,40,3.5289407275705784,user_macro_accuracy,0.12466517857142857
femnist,5,105,stable-local-fallback,50,4.0,user_macro_accuracy,0.12825892857142857
femnist,6,106,handle-only-drop-residual,0,0.0,user_macro_accuracy,0.09783392857142857
femnist,6,106,handle-only-drop-residual,10,1.7096469091901927,user_macro_accuracy,0.09127142857142857
femnist,6,106,handle-only-drop-residual,20,2.456862121625803,user_macro_accuracy,0.09932767857142856
femnist,6,106,handle-only-drop-residual,30,3.0456862121625807,user_macro_accuracy,0.10444017857142857
femnist,6,106,handle-only-drop-residual,40,3.5289407275705784,user_macro_accuracy,0.12495267857142857
femnist,6,106,handle-only-drop-residual,50,4.0,user_macro_accuracy,0.2424330357142857
femnist,6,106,naive-recalibrated-2c,0,0.0,user_macro_accuracy,0.09783392857142857
femnist,6,106,naive-recalibrated-2c,10,1.7096469091901927,user_macro_accuracy,0.12316875
femnist,6,106,naive-recalibrated-2c,20,2.456862121625803,user_macro_accuracy,0.12664642857142858
femnist,6,106,naive-recalibrated-2c,30,3.0456862121625807,user_macro_accuracy,0.10629374999999999
femnist,6,106,naive-recalibrated-2c,40,3.5289407275705784,user_macro_accuracy,0.10745267857142857
femnist,6,106,naive-recalibrated-2c,50,4.0,user_macro_accuracy,0.20062232142857142
femnist,6,106,stable-local-fallback,0,0.0,user_macro_accuracy,0.09783392857142857
femnist,6,106,stable-local-fallback,10,1.7096469091901927,user_macro_accuracy,0.09017767857142857
femnist,6,106,stable-local-fallback,20,2.456862121625803,user_macro_accuracy,0.09385892857142857
femnist,6,106,stable-local-fallback,30,3.0456862121625807,user_macro_accuracy,0.11975267857142857
femnist,6,106,stable-local-fallback,40,3.5289407275705784,user_macro_accuracy,0.10198392857142856
femnist,6,106,stable-local-fallback,50,4.0,user_macro_accuracy,0.19903928571428572
femnist,6,106,unitscope-lambda-sweep,0,0.0,user_macro_accuracy,0.09783392857142857
femnist,6,106,unitscope-lambda-sweep,10,1.7096469091901927,user_macro_accuracy,0.09127142857142857
femnist,6,106,unitscope-lambda-sweep,20,2.456862121625803,user_macro_accuracy,0.09714017857142856
femnist,6,106,unitscope-lambda-sweep,30,3.0456862121625807,user_macro_accuracy,0.10475267857142857
femnist,6,106,unitscope-lambda-sweep,40,3.5289407275705784,user_macro_accuracy,0.12167142857142857
femnist,6,106,unitscope-lambda-sweep,50,4.0,user_macro_accuracy,0.2375892857142857
femnist,7,107,stable-local-fallback,0,0.0,user_macro_accuracy,0.09575625
femnist,7,107,stable-local-fallback,10,1.7096469091901927,user_macro_accuracy,0.11645
femnist,7,107,stable-local-fallback,20,2.456862121625803,user_macro_accuracy,0.09013125000000001
femnist,7,107,stable-local-fallback,30,3.0456862121625807,user_macro_accuracy,0.09816875
femnist,7,107,stable-local-fallback,40,3.5289407275705784,user_macro_accuracy,0.16508124999999998
femnist,7,107,stable-local-fallback,50,4.0,user_macro_accuracy,0.14399375
femnist,7,107,naive-recalibrated-2c,0,0.0,user_macro_accuracy,0.09575625
femnist,7,107,naive-recalibrated-2c,10,1.7096469091901927,user_macro_accuracy,0.06566875
femnist,7,107,naive-recalibrated-2c,20,2.456862121625803,user_macro_accuracy,0.145175
femnist,7,107,naive-recalibrated-2c,30,3.0456862121625807,user_macro_accuracy,0.12745
femnist,7,107,naive-recalibrated-2c,40,3.5289407275705784,user_macro_accuracy,0.16655625000000002
femnist,7,107,naive-recalibrated-2c,50,4.0,user_macro_accuracy,0.207225
femnist,7,107,unitscope-lambda-sweep,0,0.0,user_macro_accuracy,0.09575625
femnist,7,107,unitscope-lambda-sweep,10,1.7096469091901927,user_macro_accuracy,0.11676249999999999
femnist,7,107,unitscope-lambda-sweep,20,2.456862121625803,user_macro_accuracy,0.0911375
femnist,7,107,unitscope-lambda-sweep,30,3.0456862121625807,user_macro_accuracy,0.10285625
femnist,7,107,unitscope-lambda-sweep,40,3.5289407275705784,user_macro_accuracy,0.1536125
femnist,7,107,unitscope-lambda-sweep,50,4.0,user_macro_accuracy,0.20615625
femnist,7,107,handle-only-drop-residual,0,0.0,user_macro_accuracy,0.09575625
femnist,7,107,handle-only-drop-residual,10,1.7096469091901927,user_macro_accuracy,0.11691875
femnist,7,107,handle-only-drop-residual,20,2.456862121625803,user_macro_accuracy,0.08895
femnist,7,107,handle-only-drop-residual,30,3.0456862121625807,user_macro_accuracy,0.10285625
femnist,7,107,handle-only-drop-residual,40,3.5289407275705784,user_macro_accuracy,0.14928125
femnist,7,107,handle-only-drop-residual,50,4.0,user_macro_accuracy,0.20725000000000002
femnist,8,108,naive-recalibrated-2c,0,0.0,user_macro_accuracy,0.09578125
femnist,8,108,naive-recalibrated-2c,10,1.7096469091901927,user_macro_accuracy,0.09140625
femnist,8,108,naive-recalibrated-2c,20,2.456862121625803,user_macro_accuracy,0.099375
femnist,8,108,naive-recalibrated-2c,30,3.0456862121625807,user_macro_accuracy,0.141875
femnist,8,108,naive-recalibrated-2c,40,3.5289407275705784,user_macro_accuracy,0.1378125
femnist,8,108,naive-recalibrated-2c,50,4.0,user_macro_accuracy,0.0934375
femnist,8,108,unitscope-lambda-sweep,0,0.0,user_macro_accuracy,0.09578125
femnist,8,108,unitscope-lambda-sweep,10,1.7096469091901927,user_macro_accuracy,0.08046875
femnist,8,108,unitscope-lambda-sweep,20,2.456862121625803,user_macro_accuracy,0.11703125
femnist,8,108,unitscope-lambda-sweep,30,3.0456862121625807,user_macro_accuracy,0.1096875
femnist,8,108,unitscope-lambda-sweep,40,3.5289407275705784,user_macro_accuracy,0.14375
femnist,8,108,unitscope-lambda-sweep,50,4.0,user_macro_accuracy,0.11046875
femnist,8,108,stable-local-fallback,0,0.0,user_macro_accuracy,0.09578125
femnist,8,108,stable-local-fallback,10,1.7096469091901927,user_macro_accuracy,0.09484375
femnist,8,108,stable-local-fallback,20,2.456862121625803,user_macro_accuracy,0.133125
femnist,8,108,stable-local-fallback,30,3.0456862121625807,user_macro_accuracy,0.10015625
femnist,8,108,stable-local-fallback,40,3.5289407275705784,user_macro_accuracy,0.10921875
femnist,8,108,stable-local-fallback,50,4.0,user_macro_accuracy,0.0965625
femnist,8,108,handle-only-drop-residual,0,0.0,user_macro_accuracy,0.09578125
femnist,8,108,handle-only-drop-residual,10,1.7096469091901927,user_macro_accuracy,0.08078125
femnist,8,108,handle-only-drop-residual,20,2.456862121625803,user_macro_accuracy,0.11390625
femnist,8,108,handle-only-drop-residual,30,3.0456862121625807,user_macro_accuracy,0.116875
femnist,8,108,handle-only-drop-residual,40,3.5289407275705784,user_macro_accuracy,0.15046875
femnist,8,108,handle-only-drop-residual,50,4.0,user_macro_accuracy,0.1140625
femnist,9,109,handle-only-drop-residual,0,0.0,user_macro_accuracy,0.09578125
femnist,9,109,handle-only-drop-residual,10,1.7096469091901927,user_macro_accuracy,0.11296875
femnist,9,109,handle-only-drop-residual,20,2.456862121625803,user_macro_accuracy,0.16171875
femnist,9,109,handle-only-drop-residual,30,3.0456862121625807,user_macro_accuracy,0.18125
femnist,9,109,handle-only-drop-residual,40,3.5289407275705784,user_macro_accuracy,0.10515625
femnist,9,109,handle-only-drop-residual,50,4.0,user_macro_accuracy,0.13796875
femnist,9,109,unitscope-lambda-sweep,0,0.0,user_macro_accuracy,0.09578125
femnist,9,109,unitscope-lambda-sweep,10,1.7096469091901927,user_macro_accuracy,0.1125
femnist,9,109,unitscope-lambda-sweep,20,2.456862121625803,user_macro_accuracy,0.16046875
femnist,9,109,unitscope-lambda-sweep,30,3.0456862121625807,user_macro_accuracy,0.17421875
femnist,9,109,unitscope-lambda-sweep,40,3.5289407275705784,user_macro_accuracy,0.1003125
femnist,9,109,unitscope-lambda-sweep,50,4.0,user_macro_accuracy,0.13203125
femnist,9,109,stable-local-fallback,0,0.0,user_macro_accuracy,0.09578125
femnist,9,109,stable-local-fallback,10,1.7096469091901927,user_macro_accuracy,0.1084375
femnist,9,109,stable-local-fallback,20,2.456862121625803,user_macro_accuracy,0.154375
femnist,9,109,stable-local-fallback,30,3.0456862121625807,user_macro_accuracy,0.15140625
femnist,9,109,stable-local-fallback,40,3.5289407275705784,user_macro_accuracy,0.09828125
femnist,9,109,stable-local-fallback,50,4.0,user_macro_accuracy,0.09828125
femnist,9,109,naive-recalibrated-2c,0,0.0,user_macro_accuracy,0.09578125
femnist,9,109,naive-recalibrated-2c,10,1.7096469091901927,user_macro_accuracy,0.09734375
femnist,9,109,naive-recalibrated-2c,20,2.456862121625803,user_macro_accuracy,0.09546875
femnist,9,109,naive-recalibrated-2c,30,3.0456862121625807,user_macro_accuracy,0.16921875
femnist,9,109,naive-recalibrated-2c,40,3.5289407275705784,user_macro_accuracy,0.11375
femnist,9,109,naive-recalibrated-2c,50,4.0,user_macro_accuracy,0.11296875
femnist,10,110,unitscope-lambda-sweep,0,0.0,user_macro_accuracy,0.1178125
femnist,10,110,unitscope-lambda-sweep,10,1.7096469091901927,user_macro_accuracy,0.11984375
femnist,10,110,unitscope-lambda-sweep,20,2.456862121625803,user_macro_accuracy,0.17515625
femnist,10,110,unitscope-lambda-sweep,30,3.0456862121625807,user_macro_accuracy,0.1146875
femnist,10,110,unitscope-lambda-sweep,40,3.5289407275705784,user_macro_accuracy,0.11828125
femnist,10,110,unitscope-lambda-sweep,50,4.0,user_macro_accuracy,0.17140625
femnist,10,110,handle-only-drop-residual,0,0.0,user_macro_accuracy,0.1178125
femnist,10,110,handle-only-drop-residual,10,1.7096469091901927,user_macro_accuracy,0.12515625
femnist,10,110,handle-only-drop-residual,20,2.456862121625803,user_macro_accuracy,0.18140625
femnist,10,110,handle-only-drop-residual,30,3.0456862121625807,user_macro_accuracy,0.1184375
femnist,10,110,handle-only-drop-residual,40,3.5289407275705784,user_macro_accuracy,0.11828125
femnist,10,110,handle-only-drop-residual,50,4.0,user_macro_accuracy,0.18046875
femnist,10,110,stable-local-fallback,0,0.0,user_macro_accuracy,0.1178125
femnist,10,110,stable-local-fallback,10,1.7096469091901927,user_macro_accuracy,0.1415625
femnist,10,110,stable-local-fallback,20,2.456862121625803,user_macro_accuracy,0.1403125
femnist,10,110,stable-local-fallback,30,3.0456862121625807,user_macro_accuracy,0.1028125
femnist,10,110,stable-local-fallback,40,3.5289407275705784,user_macro_accuracy,0.12828125
femnist,10,110,stable-local-fallback,50,4.0,user_macro_accuracy,0.13328125
femnist,10,110,naive-recalibrated-2c,0,0.0,user_macro_accuracy,0.1178125
femnist,10,110,naive-recalibrated-2c,10,1.7096469091901927,user_macro_accuracy,0.14703125
femnist,10,110,naive-recalibrated-2c,20,2.456862121625803,user_macro_accuracy,0.16796875
femnist,10,110,naive-recalibrated-2c,30,3.0456862121625807,user_macro_accuracy,0.1309375
femnist,10,110,naive-recalibrated-2c,40,3.5289407275705784,user_macro_accuracy,0.12921875
femnist,10,110,naive-recalibrated-2c,50,4.0,user_macro_accuracy,0.14203125
femnist,11,111,naive-recalibrated-2c,0,0.0,user_macro_accuracy,0.09734375
femnist,11,111,naive-recalibrated-2c,10,1.7096469091901927,user_macro_accuracy,0.0890625
femnist,11,111,naive-recalibrated-2c,20,2.456862121625803,user_macro_accuracy,0.09875
femnist,11,111,naive-recalibrated-2c,30,3.0456862121625807,user_macro_accuracy,0.05015625
femnist,11,111,naive-recalibrated-2c,40,3.5289407275705784,user_macro_accuracy,0.2025
femnist,11,111,naive-recalibrated-2c,50,4.0,user_macro_accuracy,0.12703125
femnist,11,111,stable-local-fallback,0,0.0,user_macro_accuracy,0.09734375
femnist,11,111,stable-local-fallback,10,1.7096469091901927,user_macro_accuracy,0.099375
femnist,11,111,stable-local-fallback,20,2.456862121625803,user_macro_accuracy,0.1025
femnist,11,111,stable-local-fallback,30,3.0456862121625807,user_macro_accuracy,0.09734375
femnist,11,111,stable-local-fallback,40,3.5289407275705784,user_macro_accuracy,0.1578125
femnist,11,111,stable-local-fallback,50,4.0,user_macro_accuracy,0.1115625
femnist,11,111,handle-only-drop-residual,0,0.0,user_macro_accuracy,0.09734375
femnist,11,111,handle-only-drop-residual,10,1.7096469091901927,user_macro_accuracy,0.1003125
femnist,11,111,handle-only-drop-residual,20,2.456862121625803,user_macro_accuracy,0.1025
femnist,11,111,handle-only-drop-residual,30,3.0456862121625807,user_macro_accuracy,0.10015625
femnist,11,111,handle-only-drop-residual,40,3.5289407275705784,user_macro_accuracy,0.19328125
femnist,11,111,handle-only-drop-residual,50,4.0,user_macro_accuracy,0.12078125
femnist,11,111,unitscope-lambda-sweep,0,0.0,user_macro_accuracy,0.09734375
femnist,11,111,unitscope-lambda-sweep,10,1.7096469091901927,user_macro_accuracy,0.10015625
femnist,11,111,unitscope-lambda-sweep,20,2.456862121625803,user_macro_accuracy,0.1025
femnist,11,111,unitscope-lambda-sweep,30,3.0456862121625807,user_macro_accuracy,0.10046875
femnist,11,111,unitscope-lambda-sweep,40,3.5289407275705784,user_macro_accuracy,0.1915625
femnist,11,111,unitscope-lambda-sweep,50,4.0,user_macro_accuracy,0.12078125
femnist,12,112,naive-recalibrated-2c,0,0.0,user_macro_accuracy,0.0953125
femnist,12,112,naive-recalibrated-2c,10,1.7096469091901927,user_macro_accuracy,0.1113125
femnist,12,112,naive-recalibrated-2c,20,2.456862121625803,user_macro_accuracy,0.0877
femnist,12,112,naive-recalibrated-2c,30,3.0456862121625807,user_macro_accuracy,0.12836875
femnist,12,112,naive-recalibrated-2c,40,3.5289407275705784,user_macro_accuracy,0.10595625
femnist,12,112,naive-recalibrated-2c,50,4.0,user_macro_accuracy,0.12825625000000002
femnist,12,112,handle-only-drop-residual,0,0.0,user_macro_accuracy,0.0953125
femnist,12,112,handle-only-drop-residual,10,1.7096469091901927,user_macro_accuracy,0.10459375
femnist,12,112,handle-only-drop-residual,20,2.456862121625803,user_macro_accuracy,0.12316875
femnist,12,112,handle-only-drop-residual,30,3.0456862121625807,user_macro_accuracy,0.14145
femnist,12,112,handle-only-drop-residual,40,3.5289407275705784,user_macro_accuracy,0.13234375
femnist,12,112,handle-only-drop-residual,50,4.0,user_macro_accuracy,0.14019375
femnist,12,112,unitscope-lambda-sweep,0,0.0,user_macro_accuracy,0.0953125
femnist,12,112,unitscope-lambda-sweep,10,1.7096469091901927,user_macro_accuracy,0.1050625
femnist,12,112,unitscope-lambda-sweep,20,2.456862121625803,user_macro_accuracy,0.1252
femnist,12,112,unitscope-lambda-sweep,30,3.0456862121625807,user_macro_accuracy,0.1352
femnist,12,112,unitscope-lambda-sweep,40,3.5289407275705784,user_macro_accuracy,0.13
femnist,12,112,unitscope-lambda-sweep,50,4.0,user_macro_accuracy,0.137225
femnist,12,112,stable-local-fallback,0,0.0,user_macro_accuracy,0.0953125
femnist,12,112,stable-local-fallback,10,1.7096469091901927,user_macro_accuracy,0.11459375
femnist,12,112,stable-local-fallback,20,2.456862121625803,user_macro_accuracy,0.129775
femnist,12,112,stable-local-fallback,30,3.0456862121625807,user_macro_accuracy,0.09691875
femnist,12,112,stable-local-fallback,40,3.5289407275705784,user_macro_accuracy,0.119975
femnist,12,112,stable-local-fallback,50,4.0,user_macro_accuracy,0.11751875
femnist,13,113,stable-local-fallback,0,0.0,user_macro_accuracy,0.1028125
femnist,13,113,stable-local-fallback,10,1.7096469091901927,user_macro_accuracy,0.05625
femnist,13,113,stable-local-fallback,20,2.456862121625803,user_macro_accuracy,0.0875
femnist,13,113,stable-local-fallback,30,3.0456862121625807,user_macro_accuracy,0.10359375
femnist,13,113,stable-local-fallback,40,3.5289407275705784,user_macro_accuracy,0.10640625
femnist,13,113,stable-local-fallback,50,4.0,user_macro_accuracy,0.12015625
femnist,13,113,handle-only-drop-residual,0,0.0,user_macro_accuracy,0.1028125
femnist,13,113,handle-only-drop-residual,10,1.7096469091901927,user_macro_accuracy,0.0878125
femnist,13,113,handle-only-drop-residual,20,2.456862121625803,user_macro_accuracy,0.0928125
femnist,13,113,handle-only-drop-residual,30,3.0456862121625807,user_macro_accuracy,0.11265625
femnist,13,113,handle-only-drop-residual,40,3.5289407275705784,user_macro_accuracy,0.11296875
femnist,13,113,handle-only-drop-residual,50,4.0,user_macro_accuracy,0.11328125
femnist,13,113,unitscope-lambda-sweep,0,0.0,user_macro_accuracy,0.1028125
femnist,13,113,unitscope-lambda-sweep,10,1.7096469091901927,user_macro_accuracy,0.08515625
femnist,13,113,unitscope-lambda-sweep,20,2.456862121625803,user_macro_accuracy,0.0903125
femnist,13,113,unitscope-lambda-sweep,30,3.0456862121625807,user_macro_accuracy,0.1046875
femnist,13,113,unitscope-lambda-sweep,40,3.5289407275705784,user_macro_accuracy,0.1146875
femnist,13,113,unitscope-lambda-sweep,50,4.0,user_macro_accuracy,0.11265625
femnist,13,113,naive-recalibrated-2c,0,0.0,user_macro_accuracy,0.1028125
femnist,13,113,naive-recalibrated-2c,10,1.7096469091901927,user_macro_accuracy,0.10890625
femnist,13,113,naive-recalibrated-2c,20,2.456862121625803,user_macro_accuracy,0.07984375
femnist,13,113,naive-recalibrated-2c,30,3.0456862121625807,user_macro_accuracy,0.1065625
femnist,13,113,naive-recalibrated-2c,40,3.5289407275705784,user_macro_accuracy,0.09734375
femnist,13,113,naive-recalibrated-2c,50,4.0,user_macro_accuracy,0.0815625
femnist,14,114,naive-recalibrated-2c,0,0.0,user_macro_accuracy,0.100625
femnist,14,114,naive-recalibrated-2c,10,1.7096469091901927,user_macro_accuracy,0.09828125
femnist,14,114,naive-recalibrated-2c,20,2.456862121625803,user_macro_accuracy,0.121875
femnist,14,114,naive-recalibrated-2c,30,3.0456862121625807,user_macro_accuracy,0.12296875
femnist,14,114,naive-recalibrated-2c,40,3.5289407275705784,user_macro_accuracy,0.13171875
femnist,14,114,naive-recalibrated-2c,50,4.0,user_macro_accuracy,0.08328125
femnist,14,114,handle-only-drop-residual,0,0.0,user_macro_accuracy,0.100625
femnist,14,114,handle-only-drop-residual,10,1.7096469091901927,user_macro_accuracy,0.09828125
femnist,14,114,handle-only-drop-residual,20,2.456862121625803,user_macro_accuracy,0.13734375
femnist,14,114,handle-only-drop-residual,30,3.0456862121625807,user_macro_accuracy,0.0921875
femnist,14,114,handle-only-drop-residual,40,3.5289407275705784,user_macro_accuracy,0.17828125
femnist,14,114,handle-only-drop-residual,50,4.0,user_macro_accuracy,0.09140625
femnist,14,114,unitscope-lambda-sweep,0,0.0,user_macro_accuracy,0.100625
femnist,14,114,unitscope-lambda-sweep,10,1.7096469091901927,user_macro_accuracy,0.09953125
femnist,14,114,unitscope-lambda-sweep,20,2.456862121625803,user_macro_accuracy,0.13703125
femnist,14,114,unitscope-lambda-sweep,30,3.0456862121625807,user_macro_accuracy,0.09234375
femnist,14,114,unitscope-lambda-sweep,40,3.5289407275705784,user_macro_accuracy,0.1784375
femnist,14,114,unitscope-lambda-sweep,50,4.0,user_macro_accuracy,0.090625
femnist,14,114,stable-local-fallback,0,0.0,user_macro_accuracy,0.100625
femnist,14,114,stable-local-fallback,10,1.7096469091901927,user_macro_accuracy,0.09953125
femnist,14,114,stable-local-fallback,20,2.456862121625803,user_macro_accuracy,0.126875
femnist,14,114,stable-local-fallback,30,3.0456862121625807,user_macro_accuracy,0.0953125
femnist,14,114,stable-local-fallback,40,3.5289407275705784,user_macro_accuracy,0.1615625
femnist,14,114,stable-local-fallback,50,4.0,user_macro_accuracy,0.08859375
femnist,15,115,naive-recalibrated-2c,0,0.0,user_macro_accuracy,0.08734375
femnist,15,115,naive-recalibrated-2c,10,1.7096469091901927,user_macro_accuracy,0.0925
femnist,15,115,naive-recalibrated-2c,20,2.456862121625803,user_macro_accuracy,0.13109375
femnist,15,115,naive-recalibrated-2c,30,3.0456862121625807,user_macro_accuracy,0.125
femnist,15,115,naive-recalibrated-2c,40,3.5289407275705784,user_macro_accuracy,0.115625
femnist,15,115,naive-recalibrated-2c,50,4.0,user_macro_accuracy,0.1296875
femnist,15,115,unitscope-lambda-sweep,0,0.0,user_macro_accuracy,0.08734375
femnist,15,115,unitscope-lambda-sweep,10,1.7096469091901927,user_macro_accuracy,0.1034375
femnist,15,115,unitscope-lambda-sweep,20,2.456862121625803,user_macro_accuracy,0.1003125
femnist,15,115,unitscope-lambda-sweep,30,3.0456862121625807,user_macro_accuracy,0.1015625
femnist,15,115,unitscope-lambda-sweep,40,3.5289407275705784,user_macro_accuracy,0.101875
femnist,15,115,unitscope-lambda-sweep,50,4.0,user_macro_accuracy,0.17078125
femnist,15,115,stable-local-fallback,0,0.0,user_macro_accuracy,0.08734375
femnist,15,115,stable-local-fallback,10,1.7096469091901927,user_macro_accuracy,0.10515625
femnist,15,115,stable-local-fallback,20,2.456862121625803,user_macro_accuracy,0.1003125
femnist,15,115,stable-local-fallback,30,3.0456862121625807,user_macro_accuracy,0.0984375
femnist,15,115,stable-local-fallback,40,3.5289407275705784,user_macro_accuracy,0.09296875
femnist,15,115,stable-local-fallback,50,4.0,user_macro_accuracy,0.1221875
femnist,15,115,handle-only-drop-residual,0,0.0,user_macro_accuracy,0.08734375
femnist,15,115,handle-only-drop-residual,10,1.7096469091901927,user_macro_accuracy,0.10453125
femnist,15,115,handle-only-drop-residual,20,2.456862121625803,user_macro_accuracy,0.1003125
femnist,15,115,handle-only-drop-residual,30,3.0456862121625807,user_macro_accuracy,0.10078125
femnist,15,115,handle-only-drop-residual,40,3.5289407275705784,user_macro_accuracy,0.10265625
femnist,15,115,handle-only-drop-residual,50,4.0,user_macro_accuracy,0.176875
femnist,16,116,unitscope-lambda-sweep,0,0.0,user_macro_accuracy,0.12473125
femnist,16,116,unitscope-lambda-sweep,10,1.7096469091901927,user_macro_accuracy,0.14981875
femnist,16,116,unitscope-lambda-sweep,20,2.456862121625803,user_macro_accuracy,0.0971625
femnist,16,116,unitscope-lambda-sweep,30,3.0456862121625807,user_macro_accuracy,0.11426249999999999
femnist,16,116,unitscope-lambda-sweep,40,3.5289407275705784,user_macro_accuracy,0.1165125
femnist,16,116,unitscope-lambda-sweep,50,4.0,user_macro_accuracy,0.191875
femnist,16,116,handle-only-drop-residual,0,0.0,user_macro_accuracy,0.12473125
femnist,16,116,handle-only-drop-residual,10,1.7096469091901927,user_macro_accuracy,0.1496625
femnist,16,116,handle-only-drop-residual,20,2.456862121625803,user_macro_accuracy,0.0971625
femnist,16,116,handle-only-drop-residual,30,3.0456862121625807,user_macro_accuracy,0.11348124999999999
femnist,16,116,handle-only-drop-residual,40,3.5289407275705784,user_macro_accuracy,0.11948125000000001
femnist,16,116,handle-only-drop-residual,50,4.0,user_macro_accuracy,0.19890625
femnist,16,116,stable-local-fallback,0,0.0,user_macro_accuracy,0.12473125
femnist,16,116,stable-local-fallback,10,1.7096469091901927,user_macro_accuracy,0.1377875
femnist,16,116,stable-local-fallback,20,2.456862121625803,user_macro_accuracy,0.0971625
femnist,16,116,stable-local-fallback,30,3.0456862121625807,user_macro_accuracy,0.127075
femnist,16,116,stable-local-fallback,40,3.5289407275705784,user_macro_accuracy,0.10651250000000001
femnist,16,116,stable-local-fallback,50,4.0,user_macro_accuracy,0.13984375
femnist,16,116,naive-recalibrated-2c,0,0.0,user_macro_accuracy,0.12473125
femnist,16,116,naive-recalibrated-2c,10,1.7096469091901927,user_macro_accuracy,0.10185000000000001
femnist,16,116,naive-recalibrated-2c,20,2.456862121625803,user_macro_accuracy,0.0990375
femnist,16,116,naive-recalibrated-2c,30,3.0456862121625807,user_macro_accuracy,0.165175
femnist,16,116,naive-recalibrated-2c,40,3.5289407275705784,user_macro_accuracy,0.1027625
femnist,16,116,naive-recalibrated-2c,50,4.0,user_macro_accuracy,0.19977499999999998
femnist,17,117,stable-local-fallback,0,0.0,user_macro_accuracy,0.11645089285714284
femnist,17,117,stable-local-fallback,10,1.7096469091901927,user_macro_accuracy,0.11676339285714285
femnist,17,117,stable-local-fallback,20,2.456862121625803,user_macro_accuracy,0.09625
femnist,17,117,stable-local-fallback,30,3.0456862121625807,user_macro_accuracy,0.09113839285714284
femnist,17,117,stable-local-fallback,40,3.5289407275705784,user_macro_accuracy,0.1538392857142857
femnist,17,117,stable-local-fallback,50,4.0,user_macro_accuracy,0.16223214285714285
femnist,17,117,unitscope-lambda-sweep,0,0.0,user_macro_accuracy,0.11645089285714284
femnist,17,117,unitscope-lambda-sweep,10,1.7096469091901927,user_macro_accuracy,0.12395089285714285
femnist,17,117,unitscope-lambda-sweep,20,2.456862121625803,user_macro_accuracy,0.11046875
femnist,17,117,unitscope-lambda-sweep,30,3.0456862121625807,user_macro_accuracy,0.11145089285714285
femnist,17,117,unitscope-lambda-sweep,40,3.5289407275705784,user_macro_accuracy,0.20863839285714283
femnist,17,117,unitscope-lambda-sweep,50,4.0,user_macro_accuracy,0.2024330357142857
femnist,17,117,naive-recalibrated-2c,0,0.0,user_macro_accuracy,0.11645089285714284
femnist,17,117,naive-recalibrated-2c,10,1.7096469091901927,user_macro_accuracy,0.12520089285714284
femnist,17,117,naive-recalibrated-2c,20,2.456862121625803,user_macro_accuracy,0.13707589285714283
femnist,17,117,naive-recalibrated-2c,30,3.0456862121625807,user_macro_accuracy,0.14767857142857144
femnist,17,117,naive-recalibrated-2c,40,3.5289407275705784,user_macro_accuracy,0.15473214285714285
femnist,17,117,naive-recalibrated-2c,50,4.0,user_macro_accuracy,0.17488839285714286
femnist,17,117,handle-only-drop-residual,0,0.0,user_macro_accuracy,0.11645089285714284
femnist,17,117,handle-only-drop-residual,10,1.7096469091901927,user_macro_accuracy,0.12738839285714285
femnist,17,117,handle-only-drop-residual,20,2.456862121625803,user_macro_accuracy,0.11676339285714285
femnist,17,117,handle-only-drop-residual,30,3.0456862121625807,user_macro_accuracy,0.1174330357142857
femnist,17,117,handle-only-drop-residual,40,3.5289407275705784,user_macro_accuracy,0.21723214285714285
femnist,17,117,handle-only-drop-residual,50,4.0,user_macro_accuracy,0.20712053571428568
femnist,18,118,handle-only-drop-residual,0,0.0,user_macro_accuracy,0.0978125
femnist,18,118,handle-only-drop-residual,10,1.7096469091901927,user_macro_accuracy,0.0721875
femnist,18,118,handle-only-drop-residual,20,2.456862121625803,user_macro_accuracy,0.15265625
femnist,18,118,handle-only-drop-residual,30,3.0456862121625807,user_macro_accuracy,0.1196875
femnist,18,118,handle-only-drop-residual,40,3.5289407275705784,user_macro_accuracy,0.10734375
femnist,18,118,handle-only-drop-residual,50,4.0,user_macro_accuracy,0.13
femnist,18,118,unitscope-lambda-sweep,0,0.0,user_macro_accuracy,0.0978125
femnist,18,118,unitscope-lambda-sweep,10,1.7096469091901927,user_macro_accuracy,0.07859375
femnist,18,118,unitscope-lambda-sweep,20,2.456862121625803,user_macro_accuracy,0.1465625
femnist,18,118,unitscope-lambda-sweep,30,3.0456862121625807,user_macro_accuracy,0.12015625
femnist,18,118,unitscope-lambda-sweep,40,3.5289407275705784,user_macro_accuracy,0.1075
femnist,18,118,unitscope-lambda-sweep,50,4.0,user_macro_accuracy,0.1259375
femnist,18,118,naive-recalibrated-2c,0,0.0,user_macro_accuracy,0.0978125
femnist,18,118,naive-recalibrated-2c,10,1.7096469091901927,user_macro_accuracy,0.099375
femnist,18,118,naive-recalibrated-2c,20,2.456862121625803,user_macro_accuracy,0.1259375
femnist,18,118,naive-recalibrated-2c,30,3.0456862121625807,user_macro_accuracy,0.120625
femnist,18,118,naive-recalibrated-2c,40,3.5289407275705784,user_macro_accuracy,0.146875
femnist,18,118,naive-recalibrated-2c,50,4.0,user_macro_accuracy,0.11875
femnist,18,118,stable-local-fallback,0,0.0,user_macro_accuracy,0.0978125
femnist,18,118,stable-local-fallback,10,1.7096469091901927,user_macro_accuracy,0.11890625
femnist,18,118,stable-local-fallback,20,2.456862121625803,user_macro_accuracy,0.12671875
femnist,18,118,stable-local-fallback,30,3.0456862121625807,user_macro_accuracy,0.094375
femnist,18,118,stable-local-fallback,40,3.5289407275705784,user_macro_accuracy,0.10703125
femnist,18,118,stable-local-fallback,50,4.0,user_macro_accuracy,0.1075
femnist,19,119,naive-recalibrated-2c,0,0.0,user_macro_accuracy,0.09796875
femnist,19,119,naive-recalibrated-2c,10,1.7096469091901927,user_macro_accuracy,0.096875
femnist,19,119,naive-recalibrated-2c,20,2.456862121625803,user_macro_accuracy,0.1390625
femnist,19,119,naive-recalibrated-2c,30,3.0456862121625807,user_macro_accuracy,0.05421875
femnist,19,119,naive-recalibrated-2c,40,3.5289407275705784,user_macro_accuracy,0.12640625
femnist,19,119,naive-recalibrated-2c,50,4.0,user_macro_accuracy,0.1571875
femnist,19,119,unitscope-lambda-sweep,0,0.0,user_macro_accuracy,0.09796875
femnist,19,119,unitscope-lambda-sweep,10,1.7096469091901927,user_macro_accuracy,0.096875
femnist,19,119,unitscope-lambda-sweep,20,2.456862121625803,user_macro_accuracy,0.16109375
femnist,19,119,unitscope-lambda-sweep,30,3.0456862121625807,user_macro_accuracy,0.1265625
femnist,19,119,unitscope-lambda-sweep,40,3.5289407275705784,user_macro_accuracy,0.08765625
femnist,19,119,unitscope-lambda-sweep,50,4.0,user_macro_accuracy,0.15984375
femnist,19,119,handle-only-drop-residual,0,0.0,user_macro_accuracy,0.09796875
femnist,19,119,handle-only-drop-residual,10,1.7096469091901927,user_macro_accuracy,0.096875
femnist,19,119,handle-only-drop-residual,20,2.456862121625803,user_macro_accuracy,0.16046875
femnist,19,119,handle-only-drop-residual,30,3.0456862121625807,user_macro_accuracy,0.12546875
femnist,19,119,handle-only-drop-residual,40,3.5289407275705784,user_macro_accuracy,0.09
femnist,19,119,handle-only-drop-residual,50,4.0,user_macro_accuracy,0.16109375
femnist,19,119,stable-local-fallback,0,0.0,user_macro_accuracy,0.09796875
femnist,19,119,stable-local-fallback,10,1.7096469091901927,user_macro_accuracy,0.096875
femnist,19,119,stable-local-fallback,20,2.456862121625803,user_macro_accuracy,0.1659375
femnist,19,119,stable-local-fallback,30,3.0456862121625807,user_macro_accuracy,0.13578125
femnist,19,119,stable-local-fallback,40,3.5289407275705784,user_macro_accuracy,0.08328125
femnist,19,119,stable-local-fallback,50,4.0,user_macro_accuracy,0.1484375
synthea,0,100,stable-local-fallback,0,0.0,patient_or_user_auprc,0.2613638333521705
synthea,0,100,stable-local-fallback,10,1.7096469091901927,patient_or_user_auprc,0.1720335910282047
synthea,0,100,stable-local-fallback,20,2.456862121625803,patient_or_user_auprc,0.17925890122923732
synthea,0,100,stable-local-fallback,30,3.0456862121625807,patient_or_user_auprc,0.1811579047168244
synthea,0,100,stable-local-fallback,40,3.5289407275705784,patient_or_user_auprc,0.18294024896412842
synthea,0,100,stable-local-fallback,50,4.0,patient_or_user_auprc,0.17728684489817723
synthea,0,100,unitscope-lambda-sweep,0,0.0,patient_or_user_auprc,0.2613638333521705
synthea,0,100,unitscope-lambda-sweep,10,1.7096469091901927,patient_or_user_auprc,0.18179803916874177
synthea,0,100,unitscope-lambda-sweep,20,2.456862121625803,patient_or_user_auprc,0.18388509534675535
synthea,0,100,unitscope-lambda-sweep,30,3.0456862121625807,patient_or_user_auprc,0.1920837659320214
synthea,0,100,unitscope-lambda-sweep,40,3.5289407275705784,patient_or_user_auprc,0.1982047173646505
synthea,0,100,unitscope-lambda-sweep,50,4.0,patient_or_user_auprc,0.1987258757981466
synthea,0,100,naive-recalibrated-2c,0,0.0,patient_or_user_auprc,0.2613638333521705
synthea,0,100,naive-recalibrated-2c,10,1.7096469091901927,patient_or_user_auprc,0.18693853595172866
synthea,0,100,naive-recalibrated-2c,20,2.456862121625803,patient_or_user_auprc,0.1834474657792779
synthea,0,100,naive-recalibrated-2c,30,3.0456862121625807,patient_or_user_auprc,0.18269461362112338
synthea,0,100,naive-recalibrated-2c,40,3.5289407275705784,patient_or_user_auprc,0.19723414782132423
synthea,0,100,naive-recalibrated-2c,50,4.0,patient_or_user_auprc,0.1864827062486708
synthea,0,100,handle-only-drop-residual,0,0.0,patient_or_user_auprc,0.2613638333521705
synthea,0,100,handle-only-drop-residual,10,1.7096469091901927,patient_or_user_auprc,0.18286699264910683
synthea,0,100,handle-only-drop-residual,20,2.456862121625803,patient_or_user_auprc,0.18489665505982783
synthea,0,100,handle-only-drop-residual,30,3.0456862121625807,patient_or_user_auprc,0.19462465487722277
synthea,0,100,handle-only-drop-residual,40,3.5289407275705784,patient_or_user_auprc,0.20475663918824782
synthea,0,100,handle-only-drop-residual,50,4.0,patient_or_user_auprc,0.20534203813690965
synthea,1,101,stable-local-fallback,0,0.0,patient_or_user_auprc,0.2618344763172231
synthea,1,101,stable-local-fallback,10,1.7096469091901927,patient_or_user_auprc,0.2469822007009605
synthea,1,101,stable-local-fallback,20,2.456862121625803,patient_or_user_auprc,0.2511185983289026
synthea,1,101,stable-local-fallback,30,3.0456862121625807,patient_or_user_auprc,0.24382842121872778
synthea,1,101,stable-local-fallback,40,3.5289407275705784,patient_or_user_auprc,0.2571941832676181
synthea,1,101,stable-local-fallback,50,4.0,patient_or_user_auprc,0.2523435352559713
synthea,1,101,naive-recalibrated-2c,0,0.0,patient_or_user_auprc,0.2618344763172231
synthea,1,101,naive-recalibrated-2c,10,1.7096469091901927,patient_or_user_auprc,0.2476487576072398
synthea,1,101,naive-recalibrated-2c,20,2.456862121625803,patient_or_user_auprc,0.29772404460679924
synthea,1,101,naive-recalibrated-2c,30,3.0456862121625807,patient_or_user_auprc,0.2878906413305263
synthea,1,101,naive-recalibrated-2c,40,3.5289407275705784,patient_or_user_auprc,0.31741259610132266
synthea,1,101,naive-recalibrated-2c,50,4.0,patient_or_user_auprc,0.326665909258729
synthea,1,101,handle-only-drop-residual,0,0.0,patient_or_user_auprc,0.2618344763172231
synthea,1,101,handle-only-drop-residual,10,1.7096469091901927,patient_or_user_auprc,0.2479166572183362
synthea,1,101,handle-only-drop-residual,20,2.456862121625803,patient_or_user_auprc,0.2727427667216029
synthea,1,101,handle-only-drop-residual,30,3.0456862121625807,patient_or_user_auprc,0.27009266813271116
synthea,1,101,handle-only-drop-residual,40,3.5289407275705784,patient_or_user_auprc,0.30900854601836875
synthea,1,101,handle-only-drop-residual,50,4.0,patient_or_user_auprc,0.3197085780974224
synthea,1,101,unitscope-lambda-sweep,0,0.0,patient_or_user_auprc,0.2618344763172231
synthea,1,101,unitscope-lambda-sweep,10,1.7096469091901927,patient_or_user_auprc,0.24652514624448574
synthea,1,101,unitscope-lambda-sweep,20,2.456862121625803,patient_or_user_auprc,0.26949426239111834
synthea,1,101,unitscope-lambda-sweep,30,3.0456862121625807,patient_or_user_auprc,0.26351391873865737
synthea,1,101,unitscope-lambda-sweep,40,3.5289407275705784,patient_or_user_auprc,0.30535833559095893
synthea,1,101,unitscope-lambda-sweep,50,4.0,patient_or_user_auprc,0.31566955899479665
synthea,2,102,handle-only-drop-residual,0,0.0,patient_or_user_auprc,0.2103880645725546
synthea,2,102,handle-only-drop-residual,10,1.7096469091901927,patient_or_user_auprc,0.2201602755896751
synthea,2,102,handle-only-drop-residual,20,2.456862121625803,patient_or_user_auprc,0.22773706031538277
synthea,2,102,handle-only-drop-residual,30,3.0456862121625807,patient_or_user_auprc,0.24603513048819253
synthea,2,102,handle-only-drop-residual,40,3.5289407275705784,patient_or_user_auprc,0.25380863749097454
synthea,2,102,handle-only-drop-residual,50,4.0,patient_or_user_auprc,0.2522094833701445
synthea,2,102,unitscope-lambda-sweep,0,0.0,patient_or_user_auprc,0.2103880645725546
synthea,2,102,unitscope-lambda-sweep,10,1.7096469091901927,patient_or_user_auprc,0.21937008110177525
synthea,2,102,unitscope-lambda-sweep,20,2.456862121625803,patient_or_user_auprc,0.22633584056664696
synthea,2,102,unitscope-lambda-sweep,30,3.0456862121625807,patient_or_user_auprc,0.24342950281141484
synthea,2,102,unitscope-lambda-sweep,40,3.5289407275705784,patient_or_user_auprc,0.2534794584445411
synthea,2,102,unitscope-lambda-sweep,50,4.0,patient_or_user_auprc,0.25042093865307846
synthea,2,102,naive-recalibrated-2c,0,0.0,patient_or_user_auprc,0.2103880645725546
synthea,2,102,naive-recalibrated-2c,10,1.7096469091901927,patient_or_user_auprc,0.21865390210642036
synthea,2,102,naive-recalibrated-2c,20,2.456862121625803,patient_or_user_auprc,0.22319736018805483
synthea,2,102,naive-recalibrated-2c,30,3.0456862121625807,patient_or_user_auprc,0.2624232643558037
synthea,2,102,naive-recalibrated-2c,40,3.5289407275705784,patient_or_user_auprc,0.2619032945685374
synthea,2,102,naive-recalibrated-2c,50,4.0,patient_or_user_auprc,0.25946621478151366
synthea,2,102,stable-local-fallback,0,0.0,patient_or_user_auprc,0.2103880645725546
synthea,2,102,stable-local-fallback,10,1.7096469091901927,patient_or_user_auprc,0.22022248358021485
synthea,2,102,stable-local-fallback,20,2.456862121625803,patient_or_user_auprc,0.21300304524181202
synthea,2,102,stable-local-fallback,30,3.0456862121625807,patient_or_user_auprc,0.22998293985268164
synthea,2,102,stable-local-fallback,40,3.5289407275705784,patient_or_user_auprc,0.23390797820617656
synthea,2,102,stable-local-fallback,50,4.0,patient_or_user_auprc,0.23148953308163087
synthea,3,103,stable-local-fallback,0,0.0,patient_or_user_auprc,0.2013962417792189
synthea,3,103,stable-local-fallback,10,1.7096469091901927,patient_or_user_auprc,0.21016651925877694
synthea,3,103,stable-local-fallback,20,2.456862121625803,patient_or_user_auprc,0.20993381989578247
synthea,3,103,stable-local-fallback,30,3.0456862121625807,patient_or_user_auprc,0.2220929691621386
synthea,3,103,stable-local-fallback,40,3.5289407275705784,patient_or_user_auprc,0.2380722804277451
synthea,3,103,stable-local-fallback,50,4.0,patient_or_user_auprc,0.24076093630527848
synthea,3,103,naive-recalibrated-2c,0,0.0,patient_or_user_auprc,0.2013962417792189
synthea,3,103,naive-recalibrated-2c,10,1.7096469091901927,patient_or_user_auprc,0.22140926348785714
synthea,3,103,naive-recalibrated-2c,20,2.456862121625803,patient_or_user_auprc,0.23028930413364768
synthea,3,103,naive-recalibrated-2c,30,3.0456862121625807,patient_or_user_auprc,0.24338491571982812
synthea,3,103,naive-recalibrated-2c,40,3.5289407275705784,patient_or_user_auprc,0.2797957825003642
synthea,3,103,naive-recalibrated-2c,50,4.0,patient_or_user_auprc,0.2849907543202577
synthea,3,103,unitscope-lambda-sweep,0,0.0,patient_or_user_auprc,0.2013962417792189
synthea,3,103,unitscope-lambda-sweep,10,1.7096469091901927,patient_or_user_auprc,0.21827281297308299
synthea,3,103,unitscope-lambda-sweep,20,2.456862121625803,patient_or_user_auprc,0.2268678616646045
synthea,3,103,unitscope-lambda-sweep,30,3.0456862121625807,patient_or_user_auprc,0.2537794158620588
synthea,3,103,unitscope-lambda-sweep,40,3.5289407275705784,patient_or_user_auprc,0.2919956520760283
synthea,3,103,unitscope-lambda-sweep,50,4.0,patient_or_user_auprc,0.28725254714140697
synthea,3,103,handle-only-drop-residual,0,0.0,patient_or_user_auprc,0.2013962417792189
synthea,3,103,handle-only-drop-residual,10,1.7096469091901927,patient_or_user_auprc,0.22087478361101856
synthea,3,103,handle-only-drop-residual,20,2.456862121625803,patient_or_user_auprc,0.230320456086776
synthea,3,103,handle-only-drop-residual,30,3.0456862121625807,patient_or_user_auprc,0.2602320504337641
synthea,3,103,handle-only-drop-residual,40,3.5289407275705784,patient_or_user_auprc,0.2941490285907844
synthea,3,103,handle-only-drop-residual,50,4.0,patient_or_user_auprc,0.2921569552355765
synthea,4,104,unitscope-lambda-sweep,0,0.0,patient_or_user_auprc,0.2510948811239213
synthea,4,104,unitscope-lambda-sweep,10,1.7096469091901927,patient_or_user_auprc,0.20162561947083174
synthea,4,104,unitscope-lambda-sweep,20,2.456862121625803,patient_or_user_auprc,0.21471617122054742
synthea,4,104,unitscope-lambda-sweep,30,3.0456862121625807,patient_or_user_auprc,0.23696085494951438
synthea,4,104,unitscope-lambda-sweep,40,3.5289407275705784,patient_or_user_auprc,0.29117828693142844
synthea,4,104,unitscope-lambda-sweep,50,4.0,patient_or_user_auprc,0.3099538314022771
synthea,4,104,stable-local-fallback,0,0.0,patient_or_user_auprc,0.2510948811239213
synthea,4,104,stable-local-fallback,10,1.7096469091901927,patient_or_user_auprc,0.20953729500335894
synthea,4,104,stable-local-fallback,20,2.456862121625803,patient_or_user_auprc,0.18500495897718894
synthea,4,104,stable-local-fallback,30,3.0456862121625807,patient_or_user_auprc,0.1791592667832253
synthea,4,104,stable-local-fallback,40,3.5289407275705784,patient_or_user_auprc,0.1934112030527812
synthea,4,104,stable-local-fallback,50,4.0,patient_or_user_auprc,0.1924241857277387
synthea,4,104,handle-only-drop-residual,0,0.0,patient_or_user_auprc,0.2510948811239213
synthea,4,104,handle-only-drop-residual,10,1.7096469091901927,patient_or_user_auprc,0.20462229616563654
synthea,4,104,handle-only-drop-residual,20,2.456862121625803,patient_or_user_auprc,0.22218508320196484
synthea,4,104,handle-only-drop-residual,30,3.0456862121625807,patient_or_user_auprc,0.2476079173528136
synthea,4,104,handle-only-drop-residual,40,3.5289407275705784,patient_or_user_auprc,0.3015831154096268
synthea,4,104,handle-only-drop-residual,50,4.0,patient_or_user_auprc,0.3192792847011362
synthea,4,104,naive-recalibrated-2c,0,0.0,patient_or_user_auprc,0.2510948811239213
synthea,4,104,naive-recalibrated-2c,10,1.7096469091901927,patient_or_user_auprc,0.19406323709233655
synthea,4,104,naive-recalibrated-2c,20,2.456862121625803,patient_or_user_auprc,0.2253262412808012
synthea,4,104,naive-recalibrated-2c,30,3.0456862121625807,patient_or_user_auprc,0.2568302779969788
synthea,4,104,naive-recalibrated-2c,40,3.5289407275705784,patient_or_user_auprc,0.3416692227594474
synthea,4,104,naive-recalibrated-2c,50,4.0,patient_or_user_auprc,0.32921916697981946
synthea,5,105,handle-only-drop-residual,0,0.0,patient_or_user_auprc,0.20707541222014092
synthea,5,105,handle-only-drop-residual,10,1.7096469091901927,patient_or_user_auprc,0.19751148039733668
synthea,5,105,handle-only-drop-residual,20,2.456862121625803,patient_or_user_auprc,0.1927246631766391
synthea,5,105,handle-only-drop-residual,30,3.0456862121625807,patient_or_user_auprc,0.2115571259789078
synthea,5,105,handle-only-drop-residual,40,3.5289407275705784,patient_or_user_auprc,0.19982691880874381
synthea,5,105,handle-only-drop-residual,50,4.0,patient_or_user_auprc,0.25037198407778766
synthea,5,105,naive-recalibrated-2c,0,0.0,patient_or_user_auprc,0.20707541222014092
synthea,5,105,naive-recalibrated-2c,10,1.7096469091901927,patient_or_user_auprc,0.20363305312071794
synthea,5,105,naive-recalibrated-2c,20,2.456862121625803,patient_or_user_auprc,0.18941546044658725
synthea,5,105,naive-recalibrated-2c,30,3.0456862121625807,patient_or_user_auprc,0.22660127660895577
synthea,5,105,naive-recalibrated-2c,40,3.5289407275705784,patient_or_user_auprc,0.20112632102088424
synthea,5,105,naive-recalibrated-2c,50,4.0,patient_or_user_auprc,0.2546550745981105
synthea,5,105,unitscope-lambda-sweep,0,0.0,patient_or_user_auprc,0.20707541222014092
synthea,5,105,unitscope-lambda-sweep,10,1.7096469091901927,patient_or_user_auprc,0.19663365132036595
synthea,5,105,unitscope-lambda-sweep,20,2.456862121625803,patient_or_user_auprc,0.1919819206132246
synthea,5,105,unitscope-lambda-sweep,30,3.0456862121625807,patient_or_user_auprc,0.20933220782497453
synthea,5,105,unitscope-lambda-sweep,40,3.5289407275705784,patient_or_user_auprc,0.19669258375628218
synthea,5,105,unitscope-lambda-sweep,50,4.0,patient_or_user_auprc,0.24637205939838178
synthea,5,105,stable-local-fallback,0,0.0,patient_or_user_auprc,0.20707541222014092
synthea,5,105,stable-local-fallback,10,1.7096469091901927,patient_or_user_auprc,0.1948671080135398
synthea,5,105,stable-local-fallback,20,2.456862121625803,patient_or_user_auprc,0.18945098558257337
synthea,5,105,stable-local-fallback,30,3.0456862121625807,patient_or_user_auprc,0.1940702095049162
synthea,5,105,stable-local-fallback,40,3.5289407275705784,patient_or_user_auprc,0.1852401224320836
synthea,5,105,stable-local-fallback,50,4.0,patient_or_user_auprc,0.21198828730523725
synthea,6,106,handle-only-drop-residual,0,0.0,patient_or_user_auprc,0.1866989361244245
synthea,6,106,handle-only-drop-residual,10,1.7096469091901927,patient_or_user_auprc,0.19967301188023892
synthea,6,106,handle-only-drop-residual,20,2.456862121625803,patient_or_user_auprc,0.201895609222053
synthea,6,106,handle-only-drop-residual,30,3.0456862121625807,patient_or_user_auprc,0.2416903625610734
synthea,6,106,handle-only-drop-residual,40,3.5289407275705784,patient_or_user_auprc,0.27590321658243516
synthea,6,106,handle-only-drop-residual,50,4.0,patient_or_user_auprc,0.2933512652017657
synthea,6,106,stable-local-fallback,0,0.0,patient_or_user_auprc,0.1866989361244245
synthea,6,106,stable-local-fallback,10,1.7096469091901927,patient_or_user_auprc,0.19474285850586878
synthea,6,106,stable-local-fallback,20,2.456862121625803,patient_or_user_auprc,0.19071839597105528
synthea,6,106,stable-local-fallback,30,3.0456862121625807,patient_or_user_auprc,0.1991569084192693
synthea,6,106,stable-local-fallback,40,3.5289407275705784,patient_or_user_auprc,0.2038745190750823
synthea,6,106,stable-local-fallback,50,4.0,patient_or_user_auprc,0.21384686560310376
synthea,6,106,naive-recalibrated-2c,0,0.0,patient_or_user_auprc,0.1866989361244245
synthea,6,106,naive-recalibrated-2c,10,1.7096469091901927,patient_or_user_auprc,0.19357354554845496
synthea,6,106,naive-recalibrated-2c,20,2.456862121625803,patient_or_user_auprc,0.18994095337814731
synthea,6,106,naive-recalibrated-2c,30,3.0456862121625807,patient_or_user_auprc,0.2156427222485435
synthea,6,106,naive-recalibrated-2c,40,3.5289407275705784,patient_or_user_auprc,0.26510838974885337
synthea,6,106,naive-recalibrated-2c,50,4.0,patient_or_user_auprc,0.3220972128896721
synthea,6,106,unitscope-lambda-sweep,0,0.0,patient_or_user_auprc,0.1866989361244245
synthea,6,106,unitscope-lambda-sweep,10,1.7096469091901927,patient_or_user_auprc,0.19855879154179354
synthea,6,106,unitscope-lambda-sweep,20,2.456862121625803,patient_or_user_auprc,0.20012780973509045
synthea,6,106,unitscope-lambda-sweep,30,3.0456862121625807,patient_or_user_auprc,0.2292296669340304
synthea,6,106,unitscope-lambda-sweep,40,3.5289407275705784,patient_or_user_auprc,0.2648315768013819
synthea,6,106,unitscope-lambda-sweep,50,4.0,patient_or_user_auprc,0.2878878818610777
synthea,7,107,stable-local-fallback,0,0.0,patient_or_user_auprc,0.18643628783687063
synthea,7,107,stable-local-fallback,10,1.7096469091901927,patient_or_user_auprc,0.1660755712969848
synthea,7,107,stable-local-fallback,20,2.456862121625803,patient_or_user_auprc,0.1807130282575541
synthea,7,107,stable-local-fallback,30,3.0456862121625807,patient_or_user_auprc,0.19579300173063102
synthea,7,107,stable-local-fallback,40,3.5289407275705784,patient_or_user_auprc,0.19236362279779726
synthea,7,107,stable-local-fallback,50,4.0,patient_or_user_auprc,0.20107472972991738
synthea,7,107,naive-recalibrated-2c,0,0.0,patient_or_user_auprc,0.18643628783687063
synthea,7,107,naive-recalibrated-2c,10,1.7096469091901927,patient_or_user_auprc,0.16276985051480083
synthea,7,107,naive-recalibrated-2c,20,2.456862121625803,patient_or_user_auprc,0.19486203133728644
synthea,7,107,naive-recalibrated-2c,30,3.0456862121625807,patient_or_user_auprc,0.24673583758852816
synthea,7,107,naive-recalibrated-2c,40,3.5289407275705784,patient_or_user_auprc,0.24205693974390546
synthea,7,107,naive-recalibrated-2c,50,4.0,patient_or_user_auprc,0.23758001251533667
synthea,7,107,handle-only-drop-residual,0,0.0,patient_or_user_auprc,0.18643628783687063
synthea,7,107,handle-only-drop-residual,10,1.7096469091901927,patient_or_user_auprc,0.17588216860897993
synthea,7,107,handle-only-drop-residual,20,2.456862121625803,patient_or_user_auprc,0.1920141511204965
synthea,7,107,handle-only-drop-residual,30,3.0456862121625807,patient_or_user_auprc,0.22365333694129558
synthea,7,107,handle-only-drop-residual,40,3.5289407275705784,patient_or_user_auprc,0.21794995300131992
synthea,7,107,handle-only-drop-residual,50,4.0,patient_or_user_auprc,0.22335363710070505
synthea,7,107,unitscope-lambda-sweep,0,0.0,patient_or_user_auprc,0.18643628783687063
synthea,7,107,unitscope-lambda-sweep,10,1.7096469091901927,patient_or_user_auprc,0.17565245386468684
synthea,7,107,unitscope-lambda-sweep,20,2.456862121625803,patient_or_user_auprc,0.18995823459336744
synthea,7,107,unitscope-lambda-sweep,30,3.0456862121625807,patient_or_user_auprc,0.22032898591059077
synthea,7,107,unitscope-lambda-sweep,40,3.5289407275705784,patient_or_user_auprc,0.21374568579132597
synthea,7,107,unitscope-lambda-sweep,50,4.0,patient_or_user_auprc,0.22086640859575063
synthea,8,108,unitscope-lambda-sweep,0,0.0,patient_or_user_auprc,0.18632041484285033
synthea,8,108,unitscope-lambda-sweep,10,1.7096469091901927,patient_or_user_auprc,0.17872154442408508
synthea,8,108,unitscope-lambda-sweep,20,2.456862121625803,patient_or_user_auprc,0.17719439895455502
synthea,8,108,unitscope-lambda-sweep,30,3.0456862121625807,patient_or_user_auprc,0.19260362327988256
synthea,8,108,unitscope-lambda-sweep,40,3.5289407275705784,patient_or_user_auprc,0.18877092812119056
synthea,8,108,unitscope-lambda-sweep,50,4.0,patient_or_user_auprc,0.18410995501548447
synthea,8,108,handle-only-drop-residual,0,0.0,patient_or_user_auprc,0.18632041484285033
synthea,8,108,handle-only-drop-residual,10,1.7096469091901927,patient_or_user_auprc,0.17962976102445433
synthea,8,108,handle-only-drop-residual,20,2.456862121625803,patient_or_user_auprc,0.17902967712303886
synthea,8,108,handle-only-drop-residual,30,3.0456862121625807,patient_or_user_auprc,0.1948036789922601
synthea,8,108,handle-only-drop-residual,40,3.5289407275705784,patient_or_user_auprc,0.19042907745481158
synthea,8,108,handle-only-drop-residual,50,4.0,patient_or_user_auprc,0.18865189796807502
synthea,8,108,naive-recalibrated-2c,0,0.0,patient_or_user_auprc,0.18632041484285033
synthea,8,108,naive-recalibrated-2c,10,1.7096469091901927,patient_or_user_auprc,0.18809094720521882
synthea,8,108,naive-recalibrated-2c,20,2.456862121625803,patient_or_user_auprc,0.1860111999268067
synthea,8,108,naive-recalibrated-2c,30,3.0456862121625807,patient_or_user_auprc,0.21941902176177747
synthea,8,108,naive-recalibrated-2c,40,3.5289407275705784,patient_or_user_auprc,0.2193553794632414
synthea,8,108,naive-recalibrated-2c,50,4.0,patient_or_user_auprc,0.2184961232656347
synthea,8,108,stable-local-fallback,0,0.0,patient_or_user_auprc,0.18632041484285033
synthea,8,108,stable-local-fallback,10,1.7096469091901927,patient_or_user_auprc,0.17476296765890129
synthea,8,108,stable-local-fallback,20,2.456862121625803,patient_or_user_auprc,0.17315483320796088
synthea,8,108,stable-local-fallback,30,3.0456862121625807,patient_or_user_auprc,0.1780073158300804
synthea,8,108,stable-local-fallback,40,3.5289407275705784,patient_or_user_auprc,0.17376793792498496
synthea,8,108,stable-local-fallback,50,4.0,patient_or_user_auprc,0.17040393595254594
synthea,9,109,unitscope-lambda-sweep,0,0.0,patient_or_user_auprc,0.2665071878470113
synthea,9,109,unitscope-lambda-sweep,10,1.7096469091901927,patient_or_user_auprc,0.2632192296846978
synthea,9,109,unitscope-lambda-sweep,20,2.456862121625803,patient_or_user_auprc,0.26613032298196526
synthea,9,109,unitscope-lambda-sweep,30,3.0456862121625807,patient_or_user_auprc,0.2952118000463667
synthea,9,109,unitscope-lambda-sweep,40,3.5289407275705784,patient_or_user_auprc,0.31020743726136646
synthea,9,109,unitscope-lambda-sweep,50,4.0,patient_or_user_auprc,0.3118362868417796
synthea,9,109,handle-only-drop-residual,0,0.0,patient_or_user_auprc,0.2665071878470113
synthea,9,109,handle-only-drop-residual,10,1.7096469091901927,patient_or_user_auprc,0.2695408874043623
synthea,9,109,handle-only-drop-residual,20,2.456862121625803,patient_or_user_auprc,0.2703208588579707
synthea,9,109,handle-only-drop-residual,30,3.0456862121625807,patient_or_user_auprc,0.29715943799982736
synthea,9,109,handle-only-drop-residual,40,3.5289407275705784,patient_or_user_auprc,0.3136025570223496
synthea,9,109,handle-only-drop-residual,50,4.0,patient_or_user_auprc,0.31274439053994385
synthea,9,109,stable-local-fallback,0,0.0,patient_or_user_auprc,0.2665071878470113
synthea,9,109,stable-local-fallback,10,1.7096469091901927,patient_or_user_auprc,0.258869715878289
synthea,9,109,stable-local-fallback,20,2.456862121625803,patient_or_user_auprc,0.22886094721160855
synthea,9,109,stable-local-fallback,30,3.0456862121625807,patient_or_user_auprc,0.24078109299991848
synthea,9,109,stable-local-fallback,40,3.5289407275705784,patient_or_user_auprc,0.26814196680786107
synthea,9,109,stable-local-fallback,50,4.0,patient_or_user_auprc,0.289666846026418
synthea,9,109,naive-recalibrated-2c,0,0.0,patient_or_user_auprc,0.2665071878470113
synthea,9,109,naive-recalibrated-2c,10,1.7096469091901927,patient_or_user_auprc,0.25925560769511413
synthea,9,109,naive-recalibrated-2c,20,2.456862121625803,patient_or_user_auprc,0.2579776653706602
synthea,9,109,naive-recalibrated-2c,30,3.0456862121625807,patient_or_user_auprc,0.2795130477946053
synthea,9,109,naive-recalibrated-2c,40,3.5289407275705784,patient_or_user_auprc,0.3368919255350397
synthea,9,109,naive-recalibrated-2c,50,4.0,patient_or_user_auprc,0.32073219971513417
synthea,10,110,unitscope-lambda-sweep,0,0.0,patient_or_user_auprc,0.22902838267441344
synthea,10,110,unitscope-lambda-sweep,10,1.7096469091901927,patient_or_user_auprc,0.21653805253891595
synthea,10,110,unitscope-lambda-sweep,20,2.456862121625803,patient_or_user_auprc,0.2188087069069867
synthea,10,110,unitscope-lambda-sweep,30,3.0456862121625807,patient_or_user_auprc,0.25511918364097563
synthea,10,110,unitscope-lambda-sweep,40,3.5289407275705784,patient_or_user_auprc,0.28574106736757987
synthea,10,110,unitscope-lambda-sweep,50,4.0,patient_or_user_auprc,0.2865078699555262
synthea,10,110,naive-recalibrated-2c,0,0.0,patient_or_user_auprc,0.22902838267441344
synthea,10,110,naive-recalibrated-2c,10,1.7096469091901927,patient_or_user_auprc,0.23306550085215566
synthea,10,110,naive-recalibrated-2c,20,2.456862121625803,patient_or_user_auprc,0.2508386969606464
synthea,10,110,naive-recalibrated-2c,30,3.0456862121625807,patient_or_user_auprc,0.29420125882985493
synthea,10,110,naive-recalibrated-2c,40,3.5289407275705784,patient_or_user_auprc,0.3140828950663756
synthea,10,110,naive-recalibrated-2c,50,4.0,patient_or_user_auprc,0.31392395160899594
synthea,10,110,stable-local-fallback,0,0.0,patient_or_user_auprc,0.22902838267441344
synthea,10,110,stable-local-fallback,10,1.7096469091901927,patient_or_user_auprc,0.2137440618507895
synthea,10,110,stable-local-fallback,20,2.456862121625803,patient_or_user_auprc,0.19368672646965843
synthea,10,110,stable-local-fallback,30,3.0456862121625807,patient_or_user_auprc,0.21768460595783667
synthea,10,110,stable-local-fallback,40,3.5289407275705784,patient_or_user_auprc,0.24539713206676889
synthea,10,110,stable-local-fallback,50,4.0,patient_or_user_auprc,0.23765110245270837
synthea,10,110,handle-only-drop-residual,0,0.0,patient_or_user_auprc,0.22902838267441344
synthea,10,110,handle-only-drop-residual,10,1.7096469091901927,patient_or_user_auprc,0.21858969913034826
synthea,10,110,handle-only-drop-residual,20,2.456862121625803,patient_or_user_auprc,0.22109325874554847
synthea,10,110,handle-only-drop-residual,30,3.0456862121625807,patient_or_user_auprc,0.26090526423173144
synthea,10,110,handle-only-drop-residual,40,3.5289407275705784,patient_or_user_auprc,0.2911724576438593
synthea,10,110,handle-only-drop-residual,50,4.0,patient_or_user_auprc,0.29136944961460565
synthea,11,111,handle-only-drop-residual,0,0.0,patient_or_user_auprc,0.24258508109965077
synthea,11,111,handle-only-drop-residual,10,1.7096469091901927,patient_or_user_auprc,0.22501005160991977
synthea,11,111,handle-only-drop-residual,20,2.456862121625803,patient_or_user_auprc,0.2673577348354659
synthea,11,111,handle-only-drop-residual,30,3.0456862121625807,patient_or_user_auprc,0.20724939865249403
synthea,11,111,handle-only-drop-residual,40,3.5289407275705784,patient_or_user_auprc,0.23414015464622445
synthea,11,111,handle-only-drop-residual,50,4.0,patient_or_user_auprc,0.2505836577893135
synthea,11,111,stable-local-fallback,0,0.0,patient_or_user_auprc,0.24258508109965077
synthea,11,111,stable-local-fallback,10,1.7096469091901927,patient_or_user_auprc,0.23120534801882264
synthea,11,111,stable-local-fallback,20,2.456862121625803,patient_or_user_auprc,0.2015567832566502
synthea,11,111,stable-local-fallback,30,3.0456862121625807,patient_or_user_auprc,0.19650787355765315
synthea,11,111,stable-local-fallback,40,3.5289407275705784,patient_or_user_auprc,0.197411895397945
synthea,11,111,stable-local-fallback,50,4.0,patient_or_user_auprc,0.19733652859218917
synthea,11,111,naive-recalibrated-2c,0,0.0,patient_or_user_auprc,0.24258508109965077
synthea,11,111,naive-recalibrated-2c,10,1.7096469091901927,patient_or_user_auprc,0.24753324823557724
synthea,11,111,naive-recalibrated-2c,20,2.456862121625803,patient_or_user_auprc,0.2629456200569329
synthea,11,111,naive-recalibrated-2c,30,3.0456862121625807,patient_or_user_auprc,0.19628961130806688
synthea,11,111,naive-recalibrated-2c,40,3.5289407275705784,patient_or_user_auprc,0.19609993115176877
synthea,11,111,naive-recalibrated-2c,50,4.0,patient_or_user_auprc,0.19878295470942509
synthea,11,111,unitscope-lambda-sweep,0,0.0,patient_or_user_auprc,0.24258508109965077
synthea,11,111,unitscope-lambda-sweep,10,1.7096469091901927,patient_or_user_auprc,0.21772639047796105
synthea,11,111,unitscope-lambda-sweep,20,2.456862121625803,patient_or_user_auprc,0.2524559922819417
synthea,11,111,unitscope-lambda-sweep,30,3.0456862121625807,patient_or_user_auprc,0.20516162949541702
synthea,11,111,unitscope-lambda-sweep,40,3.5289407275705784,patient_or_user_auprc,0.23166917513297142
synthea,11,111,unitscope-lambda-sweep,50,4.0,patient_or_user_auprc,0.24297421712210557
synthea,12,112,stable-local-fallback,0,0.0,patient_or_user_auprc,0.20293381543310235
synthea,12,112,stable-local-fallback,10,1.7096469091901927,patient_or_user_auprc,0.19594516195849482
synthea,12,112,stable-local-fallback,20,2.456862121625803,patient_or_user_auprc,0.200359259118306
synthea,12,112,stable-local-fallback,30,3.0456862121625807,patient_or_user_auprc,0.20470432289374574
synthea,12,112,stable-local-fallback,40,3.5289407275705784,patient_or_user_auprc,0.20673037340190498
synthea,12,112,stable-local-fallback,50,4.0,patient_or_user_auprc,0.20665344781184508
synthea,12,112,naive-recalibrated-2c,0,0.0,patient_or_user_auprc,0.20293381543310235
synthea,12,112,naive-recalibrated-2c,10,1.7096469091901927,patient_or_user_auprc,0.20741978360790073
synthea,12,112,naive-recalibrated-2c,20,2.456862121625803,patient_or_user_auprc,0.21545256145821856
synthea,12,112,naive-recalibrated-2c,30,3.0456862121625807,patient_or_user_auprc,0.22448160383223276
synthea,12,112,naive-recalibrated-2c,40,3.5289407275705784,patient_or_user_auprc,0.23031380364886045
synthea,12,112,naive-recalibrated-2c,50,4.0,patient_or_user_auprc,0.22606491585572458
synthea,12,112,unitscope-lambda-sweep,0,0.0,patient_or_user_auprc,0.20293381543310235
synthea,12,112,unitscope-lambda-sweep,10,1.7096469091901927,patient_or_user_auprc,0.20066407121270288
synthea,12,112,unitscope-lambda-sweep,20,2.456862121625803,patient_or_user_auprc,0.2042620675114983
synthea,12,112,unitscope-lambda-sweep,30,3.0456862121625807,patient_or_user_auprc,0.21219801592377585
synthea,12,112,unitscope-lambda-sweep,40,3.5289407275705784,patient_or_user_auprc,0.22277740631540824
synthea,12,112,unitscope-lambda-sweep,50,4.0,patient_or_user_auprc,0.22503632987102887
synthea,12,112,handle-only-drop-residual,0,0.0,patient_or_user_auprc,0.20293381543310235
synthea,12,112,handle-only-drop-residual,10,1.7096469091901927,patient_or_user_auprc,0.20093750968978397
synthea,12,112,handle-only-drop-residual,20,2.456862121625803,patient_or_user_auprc,0.20501023416165187
synthea,12,112,handle-only-drop-residual,30,3.0456862121625807,patient_or_user_auprc,0.21422893279426972
synthea,12,112,handle-only-drop-residual,40,3.5289407275705784,patient_or_user_auprc,0.2261851228821782
synthea,12,112,handle-only-drop-residual,50,4.0,patient_or_user_auprc,0.22706610600736105
synthea,13,113,unitscope-lambda-sweep,0,0.0,patient_or_user_auprc,0.17413354425472116
synthea,13,113,unitscope-lambda-sweep,10,1.7096469091901927,patient_or_user_auprc,0.18295207634502617
synthea,13,113,unitscope-lambda-sweep,20,2.456862121625803,patient_or_user_auprc,0.1904238464328849
synthea,13,113,unitscope-lambda-sweep,30,3.0456862121625807,patient_or_user_auprc,0.18760127280418196
synthea,13,113,unitscope-lambda-sweep,40,3.5289407275705784,patient_or_user_auprc,0.20402299406753063
synthea,13,113,unitscope-lambda-sweep,50,4.0,patient_or_user_auprc,0.2342317601813482
synthea,13,113,naive-recalibrated-2c,0,0.0,patient_or_user_auprc,0.17413354425472116
synthea,13,113,naive-recalibrated-2c,10,1.7096469091901927,patient_or_user_auprc,0.18040551842735755
synthea,13,113,naive-recalibrated-2c,20,2.456862121625803,patient_or_user_auprc,0.18810379506306696
synthea,13,113,naive-recalibrated-2c,30,3.0456862121625807,patient_or_user_auprc,0.19515381760940687
synthea,13,113,naive-recalibrated-2c,40,3.5289407275705784,patient_or_user_auprc,0.21530627183607798
synthea,13,113,naive-recalibrated-2c,50,4.0,patient_or_user_auprc,0.2623397537683245
synthea,13,113,stable-local-fallback,0,0.0,patient_or_user_auprc,0.17413354425472116
synthea,13,113,stable-local-fallback,10,1.7096469091901927,patient_or_user_auprc,0.1764764538379481
synthea,13,113,stable-local-fallback,20,2.456862121625803,patient_or_user_auprc,0.18286889561709357
synthea,13,113,stable-local-fallback,30,3.0456862121625807,patient_or_user_auprc,0.1822017019196881
synthea,13,113,stable-local-fallback,40,3.5289407275705784,patient_or_user_auprc,0.1834578424225105
synthea,13,113,stable-local-fallback,50,4.0,patient_or_user_auprc,0.18494125639158976
synthea,13,113,handle-only-drop-residual,0,0.0,patient_or_user_auprc,0.17413354425472116
synthea,13,113,handle-only-drop-residual,10,1.7096469091901927,patient_or_user_auprc,0.18394347209232242
synthea,13,113,handle-only-drop-residual,20,2.456862121625803,patient_or_user_auprc,0.19165812143013589
synthea,13,113,handle-only-drop-residual,30,3.0456862121625807,patient_or_user_auprc,0.19085620228095473
synthea,13,113,handle-only-drop-residual,40,3.5289407275705784,patient_or_user_auprc,0.2124134594921107
synthea,13,113,handle-only-drop-residual,50,4.0,patient_or_user_auprc,0.24287644998046737
synthea,14,114,naive-recalibrated-2c,0,0.0,patient_or_user_auprc,0.23713197532496666
synthea,14,114,naive-recalibrated-2c,10,1.7096469091901927,patient_or_user_auprc,0.2169558985525941
synthea,14,114,naive-recalibrated-2c,20,2.456862121625803,patient_or_user_auprc,0.22133285668066596
synthea,14,114,naive-recalibrated-2c,30,3.0456862121625807,patient_or_user_auprc,0.24146667258845383
synthea,14,114,naive-recalibrated-2c,40,3.5289407275705784,patient_or_user_auprc,0.24522147691143464
synthea,14,114,naive-recalibrated-2c,50,4.0,patient_or_user_auprc,0.23906559518869255
synthea,14,114,handle-only-drop-residual,0,0.0,patient_or_user_auprc,0.23713197532496666
synthea,14,114,handle-only-drop-residual,10,1.7096469091901927,patient_or_user_auprc,0.22983676636346484
synthea,14,114,handle-only-drop-residual,20,2.456862121625803,patient_or_user_auprc,0.23446063208151866
synthea,14,114,handle-only-drop-residual,30,3.0456862121625807,patient_or_user_auprc,0.25287670212390584
synthea,14,114,handle-only-drop-residual,40,3.5289407275705784,patient_or_user_auprc,0.24927210328645966
synthea,14,114,handle-only-drop-residual,50,4.0,patient_or_user_auprc,0.25276749043212166
synthea,14,114,unitscope-lambda-sweep,0,0.0,patient_or_user_auprc,0.23713197532496666
synthea,14,114,unitscope-lambda-sweep,10,1.7096469091901927,patient_or_user_auprc,0.22953085729885153
synthea,14,114,unitscope-lambda-sweep,20,2.456862121625803,patient_or_user_auprc,0.23581979392180163
synthea,14,114,unitscope-lambda-sweep,30,3.0456862121625807,patient_or_user_auprc,0.2505923986621092
synthea,14,114,unitscope-lambda-sweep,40,3.5289407275705784,patient_or_user_auprc,0.24621781245818164
synthea,14,114,unitscope-lambda-sweep,50,4.0,patient_or_user_auprc,0.2510491324631347
synthea,14,114,stable-local-fallback,0,0.0,patient_or_user_auprc,0.23713197532496666
synthea,14,114,stable-local-fallback,10,1.7096469091901927,patient_or_user_auprc,0.2267759420311853
synthea,14,114,stable-local-fallback,20,2.456862121625803,patient_or_user_auprc,0.2240781315801075
synthea,14,114,stable-local-fallback,30,3.0456862121625807,patient_or_user_auprc,0.22320846156343274
synthea,14,114,stable-local-fallback,40,3.5289407275705784,patient_or_user_auprc,0.21470771877178763
synthea,14,114,stable-local-fallback,50,4.0,patient_or_user_auprc,0.21030745233044157
synthea,15,115,handle-only-drop-residual,0,0.0,patient_or_user_auprc,0.2292836258304814
synthea,15,115,handle-only-drop-residual,10,1.7096469091901927,patient_or_user_auprc,0.2103025366289577
synthea,15,115,handle-only-drop-residual,20,2.456862121625803,patient_or_user_auprc,0.20836467431961286
synthea,15,115,handle-only-drop-residual,30,3.0456862121625807,patient_or_user_auprc,0.21922514629086887
synthea,15,115,handle-only-drop-residual,40,3.5289407275705784,patient_or_user_auprc,0.23740389858003658
synthea,15,115,handle-only-drop-residual,50,4.0,patient_or_user_auprc,0.26774772606319885
synthea,15,115,unitscope-lambda-sweep,0,0.0,patient_or_user_auprc,0.2292836258304814
synthea,15,115,unitscope-lambda-sweep,10,1.7096469091901927,patient_or_user_auprc,0.20953780515288595
synthea,15,115,unitscope-lambda-sweep,20,2.456862121625803,patient_or_user_auprc,0.20686890343142128
synthea,15,115,unitscope-lambda-sweep,30,3.0456862121625807,patient_or_user_auprc,0.21358844507159908
synthea,15,115,unitscope-lambda-sweep,40,3.5289407275705784,patient_or_user_auprc,0.22696792376167257
synthea,15,115,unitscope-lambda-sweep,50,4.0,patient_or_user_auprc,0.2627871099329052
synthea,15,115,stable-local-fallback,0,0.0,patient_or_user_auprc,0.2292836258304814
synthea,15,115,stable-local-fallback,10,1.7096469091901927,patient_or_user_auprc,0.20897536432423033
synthea,15,115,stable-local-fallback,20,2.456862121625803,patient_or_user_auprc,0.20080458965918904
synthea,15,115,stable-local-fallback,30,3.0456862121625807,patient_or_user_auprc,0.18932009972750624
synthea,15,115,stable-local-fallback,40,3.5289407275705784,patient_or_user_auprc,0.19285119991552302
synthea,15,115,stable-local-fallback,50,4.0,patient_or_user_auprc,0.19925998087351154
synthea,15,115,naive-recalibrated-2c,0,0.0,patient_or_user_auprc,0.2292836258304814
synthea,15,115,naive-recalibrated-2c,10,1.7096469091901927,patient_or_user_auprc,0.21250557130530984
synthea,15,115,naive-recalibrated-2c,20,2.456862121625803,patient_or_user_auprc,0.20540352047959404
synthea,15,115,naive-recalibrated-2c,30,3.0456862121625807,patient_or_user_auprc,0.19387525719217746
synthea,15,115,naive-recalibrated-2c,40,3.5289407275705784,patient_or_user_auprc,0.2228943522994309
synthea,15,115,naive-recalibrated-2c,50,4.0,patient_or_user_auprc,0.25276993695160016
synthea,16,116,naive-recalibrated-2c,0,0.0,patient_or_user_auprc,0.18086198577022272
synthea,16,116,naive-recalibrated-2c,10,1.7096469091901927,patient_or_user_auprc,0.19650354039555062
synthea,16,116,naive-recalibrated-2c,20,2.456862121625803,patient_or_user_auprc,0.21057052910151824
synthea,16,116,naive-recalibrated-2c,30,3.0456862121625807,patient_or_user_auprc,0.25812207030157275
synthea,16,116,naive-recalibrated-2c,40,3.5289407275705784,patient_or_user_auprc,0.23694908165603454
synthea,16,116,naive-recalibrated-2c,50,4.0,patient_or_user_auprc,0.25558790448414337
synthea,16,116,handle-only-drop-residual,0,0.0,patient_or_user_auprc,0.18086198577022272
synthea,16,116,handle-only-drop-residual,10,1.7096469091901927,patient_or_user_auprc,0.20940689759096004
synthea,16,116,handle-only-drop-residual,20,2.456862121625803,patient_or_user_auprc,0.221644503544144
synthea,16,116,handle-only-drop-residual,30,3.0456862121625807,patient_or_user_auprc,0.230006287380327
synthea,16,116,handle-only-drop-residual,40,3.5289407275705784,patient_or_user_auprc,0.22305146191058384
synthea,16,116,handle-only-drop-residual,50,4.0,patient_or_user_auprc,0.2637668454891209
synthea,16,116,unitscope-lambda-sweep,0,0.0,patient_or_user_auprc,0.18086198577022272
synthea,16,116,unitscope-lambda-sweep,10,1.7096469091901927,patient_or_user_auprc,0.20927759835243004
synthea,16,116,unitscope-lambda-sweep,20,2.456862121625803,patient_or_user_auprc,0.2199192653060193
synthea,16,116,unitscope-lambda-sweep,30,3.0456862121625807,patient_or_user_auprc,0.22847033476030032
synthea,16,116,unitscope-lambda-sweep,40,3.5289407275705784,patient_or_user_auprc,0.21874870545143082
synthea,16,116,unitscope-lambda-sweep,50,4.0,patient_or_user_auprc,0.26177069525360874
synthea,16,116,stable-local-fallback,0,0.0,patient_or_user_auprc,0.18086198577022272
synthea,16,116,stable-local-fallback,10,1.7096469091901927,patient_or_user_auprc,0.19765936633899983
synthea,16,116,stable-local-fallback,20,2.456862121625803,patient_or_user_auprc,0.21227097246590987
synthea,16,116,stable-local-fallback,30,3.0456862121625807,patient_or_user_auprc,0.21662554201969714
synthea,16,116,stable-local-fallback,40,3.5289407275705784,patient_or_user_auprc,0.20710990783952427
synthea,16,116,stable-local-fallback,50,4.0,patient_or_user_auprc,0.21283384941317868
synthea,17,117,stable-local-fallback,0,0.0,patient_or_user_auprc,0.25865727676281214
synthea,17,117,stable-local-fallback,10,1.7096469091901927,patient_or_user_auprc,0.21157302863012636
synthea,17,117,stable-local-fallback,20,2.456862121625803,patient_or_user_auprc,0.21950217583671228
synthea,17,117,stable-local-fallback,30,3.0456862121625807,patient_or_user_auprc,0.21046903640059358
synthea,17,117,stable-local-fallback,40,3.5289407275705784,patient_or_user_auprc,0.2219350748260699
synthea,17,117,stable-local-fallback,50,4.0,patient_or_user_auprc,0.23724847774880956
synthea,17,117,unitscope-lambda-sweep,0,0.0,patient_or_user_auprc,0.25865727676281214
synthea,17,117,unitscope-lambda-sweep,10,1.7096469091901927,patient_or_user_auprc,0.21771178950791634
synthea,17,117,unitscope-lambda-sweep,20,2.456862121625803,patient_or_user_auprc,0.2337130836161802
synthea,17,117,unitscope-lambda-sweep,30,3.0456862121625807,patient_or_user_auprc,0.26411186492670086
synthea,17,117,unitscope-lambda-sweep,40,3.5289407275705784,patient_or_user_auprc,0.30506366580392175
synthea,17,117,unitscope-lambda-sweep,50,4.0,patient_or_user_auprc,0.3005818255637043
synthea,17,117,naive-recalibrated-2c,0,0.0,patient_or_user_auprc,0.25865727676281214
synthea,17,117,naive-recalibrated-2c,10,1.7096469091901927,patient_or_user_auprc,0.21645515387570186
synthea,17,117,naive-recalibrated-2c,20,2.456862121625803,patient_or_user_auprc,0.24563611420965564
synthea,17,117,naive-recalibrated-2c,30,3.0456862121625807,patient_or_user_auprc,0.3070754881762927
synthea,17,117,naive-recalibrated-2c,40,3.5289407275705784,patient_or_user_auprc,0.3210225124817081
synthea,17,117,naive-recalibrated-2c,50,4.0,patient_or_user_auprc,0.31319379325863633
synthea,17,117,handle-only-drop-residual,0,0.0,patient_or_user_auprc,0.25865727676281214
synthea,17,117,handle-only-drop-residual,10,1.7096469091901927,patient_or_user_auprc,0.2189272112691564
synthea,17,117,handle-only-drop-residual,20,2.456862121625803,patient_or_user_auprc,0.2363116608439579
synthea,17,117,handle-only-drop-residual,30,3.0456862121625807,patient_or_user_auprc,0.2709847681757497
synthea,17,117,handle-only-drop-residual,40,3.5289407275705784,patient_or_user_auprc,0.31013624350061686
synthea,17,117,handle-only-drop-residual,50,4.0,patient_or_user_auprc,0.30026158750895793
synthea,18,118,unitscope-lambda-sweep,0,0.0,patient_or_user_auprc,0.2504564493431275
synthea,18,118,unitscope-lambda-sweep,10,1.7096469091901927,patient_or_user_auprc,0.22996043830303495
synthea,18,118,unitscope-lambda-sweep,20,2.456862121625803,patient_or_user_auprc,0.23708244466911654
synthea,18,118,unitscope-lambda-sweep,30,3.0456862121625807,patient_or_user_auprc,0.24532724180896942
synthea,18,118,unitscope-lambda-sweep,40,3.5289407275705784,patient_or_user_auprc,0.2430107521282456
synthea,18,118,unitscope-lambda-sweep,50,4.0,patient_or_user_auprc,0.2494560040276432
synthea,18,118,naive-recalibrated-2c,0,0.0,patient_or_user_auprc,0.2504564493431275
synthea,18,118,naive-recalibrated-2c,10,1.7096469091901927,patient_or_user_auprc,0.23409835444329535
synthea,18,118,naive-recalibrated-2c,20,2.456862121625803,patient_or_user_auprc,0.23782427235501064
synthea,18,118,naive-recalibrated-2c,30,3.0456862121625807,patient_or_user_auprc,0.2575659201752351
synthea,18,118,naive-recalibrated-2c,40,3.5289407275705784,patient_or_user_auprc,0.24869829365037804
synthea,18,118,naive-recalibrated-2c,50,4.0,patient_or_user_auprc,0.26198409912460935
synthea,18,118,handle-only-drop-residual,0,0.0,patient_or_user_auprc,0.2504564493431275
synthea,18,118,handle-only-drop-residual,10,1.7096469091901927,patient_or_user_auprc,0.23042037645236485
synthea,18,118,handle-only-drop-residual,20,2.456862121625803,patient_or_user_auprc,0.23795969000895761
synthea,18,118,handle-only-drop-residual,30,3.0456862121625807,patient_or_user_auprc,0.24657377140651462
synthea,18,118,handle-only-drop-residual,40,3.5289407275705784,patient_or_user_auprc,0.24411093893067567
synthea,18,118,handle-only-drop-residual,50,4.0,patient_or_user_auprc,0.2503798535848558
synthea,18,118,stable-local-fallback,0,0.0,patient_or_user_auprc,0.2504564493431275
synthea,18,118,stable-local-fallback,10,1.7096469091901927,patient_or_user_auprc,0.22990488272682663
synthea,18,118,stable-local-fallback,20,2.456862121625803,patient_or_user_auprc,0.22919129990305354
synthea,18,118,stable-local-fallback,30,3.0456862121625807,patient_or_user_auprc,0.23236250601485492
synthea,18,118,stable-local-fallback,40,3.5289407275705784,patient_or_user_auprc,0.23625881473848676
synthea,18,118,stable-local-fallback,50,4.0,patient_or_user_auprc,0.23956055563456213
synthea,19,119,stable-local-fallback,0,0.0,patient_or_user_auprc,0.20118575702796535
synthea,19,119,stable-local-fallback,10,1.7096469091901927,patient_or_user_auprc,0.19489505111014704
synthea,19,119,stable-local-fallback,20,2.456862121625803,patient_or_user_auprc,0.20316600985579045
synthea,19,119,stable-local-fallback,30,3.0456862121625807,patient_or_user_auprc,0.20505241118340062
synthea,19,119,stable-local-fallback,40,3.5289407275705784,patient_or_user_auprc,0.2098973897009097
synthea,19,119,stable-local-fallback,50,4.0,patient_or_user_auprc,0.21079899966170804
synthea,19,119,naive-recalibrated-2c,0,0.0,patient_or_user_auprc,0.20118575702796535
synthea,19,119,naive-recalibrated-2c,10,1.7096469091901927,patient_or_user_auprc,0.1994662567942615
synthea,19,119,naive-recalibrated-2c,20,2.456862121625803,patient_or_user_auprc,0.22686657551028078
synthea,19,119,naive-recalibrated-2c,30,3.0456862121625807,patient_or_user_auprc,0.24479927405868868
synthea,19,119,naive-recalibrated-2c,40,3.5289407275705784,patient_or_user_auprc,0.25258647488626007
synthea,19,119,naive-recalibrated-2c,50,4.0,patient_or_user_auprc,0.24446704810199593
synthea,19,119,handle-only-drop-residual,0,0.0,patient_or_user_auprc,0.20118575702796535
synthea,19,119,handle-only-drop-residual,10,1.7096469091901927,patient_or_user_auprc,0.19831092448930665
synthea,19,119,handle-only-drop-residual,20,2.456862121625803,patient_or_user_auprc,0.21423090297428454
synthea,19,119,handle-only-drop-residual,30,3.0456862121625807,patient_or_user_auprc,0.22191014338899184
synthea,19,119,handle-only-drop-residual,40,3.5289407275705784,patient_or_user_auprc,0.2247815087870682
synthea,19,119,handle-only-drop-residual,50,4.0,patient_or_user_auprc,0.22568974421732368
synthea,19,119,unitscope-lambda-sweep,0,0.0,patient_or_user_auprc,0.20118575702796535
synthea,19,119,unitscope-lambda-sweep,10,1.7096469091901927,patient_or_user_auprc,0.19756951071748288
synthea,19,119,unitscope-lambda-sweep,20,2.456862121625803,patient_or_user_auprc,0.21090526935993628
synthea,19,119,unitscope-lambda-sweep,30,3.0456862121625807,patient_or_user_auprc,0.21736742210935145
synthea,19,119,unitscope-lambda-sweep,40,3.5289407275705784,patient_or_user_auprc,0.22135219957455665
synthea,19,119,unitscope-lambda-sweep,50,4.0,patient_or_user_auprc,0.22153726727224393
