q_user,q_record,rep,exact_q_user,exact_q_record,released_q_user,released_q_record,expected_cell,selected_cell,expected_lambda,selected_lambda,misclassified,selection_record,selection_sha256
0.25,0.25,0,0.24923076923076923,0.2500497809637595,0.2507734992249421,0.2626251139325526,u0-r0,u0-r0,0.0,0.0,False,q025_r025_rep00.json,acdc6db6b2678c9008916a7b1d9a5cb0cbe481fb41881f4dbaa893051c6f1fcf
0.25,0.25,1,0.24923076923076923,0.2500497809637595,0.25417467621209927,0.28020537812141744,u0-r0,u0-r0,0.0,0.0,False,q025_r025_rep01.json,8426fda16daacc2ff002479e81db2dabf816e7956eabeb3cd01d20ef14f4b1da
0.25,0.25,2,0.24923076923076923,0.2500497809637595,0.2487730534665805,0.25312774498295126,u0-r0,u0-r0,0.0,0.0,False,q025_r025_rep02.json,a17c750936b86e1110be17316e34196373e56ae51a6f0e07928ad3e8ea6dc547
0.25,0.25,3,0.24923076923076923,0.2500497809637595,0.25690483126903396,0.2252168883808379,u0-r0,u0-r0,0.0,0.0,False,q025_r025_rep03.json,fdd4e27a3a37cc87d8cf042a754c6af109e83ef5979ec6fdf51ebdff4df1eb7f
0.25,0.25,4,0.24923076923076923,0.2500497809637595,0.2613363790903535,0.2584937087054057,u0-r0,u0-r0,0.0,0.0,False,q025_r025_rep04.json,1727dd9812fbf14c456af239c1f086d233951102a18f5b6612541204f21b9994
0.25,0.25,5,0.24923076923076923,0.2500497809637595,0.24423450714485187,0.22869777673630132,u0-r0,u0-r0,0.0,0.0,False,q025_r025_rep05.json,3091489fe89bcb45f27deb493e9c703040616a1358271d9a5d6ce3ca18991ba5
0.25,0.25,6,0.24923076923076923,0.2500497809637595,0.2571883477660217,0.23696392123265977,u0-r0,u0-r0,0.0,0.0,False,q025_r025_rep06.json,921278305cb77f996c7e781cfeb61efd59aede5a096c26333713b7180630a6fc
0.25,0.25,7,0.24923076923076923,0.2500497809637595,0.25271159489205636,0.2144133324896654,u0-r0,u0-r0,0.0,0.0,False,q025_r025_rep07.json,ab7911384ea35f3b74c5414264615a167ebe5136f6a4012e63cc6ffd6c368b53
0.25,0.25,8,0.24923076923076923,0.2500497809637595,0.282774981347933,0.2421026452415446,u0-r0,u0-r0,0.0,0.0,False,q025_r025_rep08.json,8cf228150e775b33df5a57dd04d55a93cea8c383028d0470cf67a88010a81b46
0.25,0.25,9,0.24923076923076923,0.2500497809637595,0.2438639172454705,0.2687303920281066,u0-r0,u0-r0,0.0,0.0,False,q025_r025_rep09.json,86e3d2d2d89a9022d85be9dab686a04f01ea417565fa49aa69bcd190a081b00c
0.25,0.5,0,0.24923076923076923,0.500099561927519,0.2707245535135963,0.4814237203945076,u0-r1,u0-r1,0.0,0.0,False,q025_r050_rep00.json,dcdfb754bfc6de7e13d4911ff2e173a580ff7969321f12dadaf98c17df06487e
0.25,0.5,1,0.24923076923076923,0.500099561927519,0.2757073600461912,0.46733832973599543,u0-r1,u0-r1,0.0,0.0,False,q025_r050_rep01.json,24de85ba243ac3ab54a037affc3393314f393a3452c36179686aa650bf5be27a
0.25,0.5,2,0.24923076923076923,0.500099561927519,0.254205700841423,0.49379449659471414,u0-r1,u0-r1,0.0,0.0,False,q025_r050_rep02.json,ee527388faf20ef6434c6dfb3988bf56b1adb464c97d18bc80423748d7dfd039
0.25,0.5,3,0.24923076923076923,0.500099561927519,0.24096395683484853,0.5122239226142686,u0-r1,u0-r1,0.0,0.0,False,q025_r050_rep03.json,1ad16e5a116d93b22b2585e788be22b990dc5e2835f84348a56b25174fb33cce
0.25,0.5,4,0.24923076923076923,0.500099561927519,0.2422669267268522,0.49778685897852876,u0-r1,u0-r1,0.0,0.0,False,q025_r050_rep04.json,bfea7e8d17c3e5e2fea20df6553f54700fad8fa64ceb5a711c6f937e74ae8bd5
0.25,0.5,5,0.24923076923076923,0.500099561927519,0.25472154718069406,0.5138105392355958,u0-r1,u0-r1,0.0,0.0,False,q025_r050_rep05.json,df7d855d50a3df0e63e41ac32cdbda8fa4516a6a2c82e4884dcb3fa2e13f747b
0.25,0.5,6,0.24923076923076923,0.500099561927519,0.24328825197193757,0.514325528712733,u0-r1,u0-r1,0.0,0.0,False,q025_r050_rep06.json,b9369f38d15b5eff517ca3de61a741568813668b91263b9a40a26ecd666bed40
0.25,0.5,7,0.24923076923076923,0.500099561927519,0.2720546163191747,0.4865805035580896,u0-r1,u0-r1,0.0,0.0,False,q025_r050_rep07.json,bf4fd671e11fe13cd37479057b3b3efe1794dfb1be249c1849d65bb0acba02f3
0.25,0.5,8,0.24923076923076923,0.500099561927519,0.2624759674388297,0.4770450768591113,u0-r1,u0-r1,0.0,0.0,False,q025_r050_rep08.json,7941311ab10923a5ca549a89ac9f84ac8320c3f5d8f34728b651050723d9d934
0.25,0.5,9,0.24923076923076923,0.500099561927519,0.27001718131495317,0.47542097969570635,u0-r1,u0-r1,0.0,0.0,False,q025_r050_rep09.json,b23fca814afd3d5e5b55b1754f541fc45b38a0f4ea2447c9087ca4a637b7b2c4
0.25,0.75,0,0.24923076923076923,0.7499502190362406,0.26706866393947487,0.7499180772952926,u0-r2,u0-r2,0.0,0.0,False,q025_r075_rep00.json,4fd61781cc7c4f5d8bcbf959dc5c2cc311122a3801630acd92013132c7f10cfc
0.25,0.75,1,0.24923076923076923,0.7499502190362406,0.2587731840226484,0.7492301720505572,u0-r2,u0-r2,0.0,0.0,False,q025_r075_rep01.json,99910db99eacb2fa5b1bad3a7593c5d622b39ea28da3007f232922aa49791555
0.25,0.75,2,0.24923076923076923,0.7499502190362406,0.23599038051965282,0.7542651746266426,u0-r2,u0-r2,0.0,0.0,False,q025_r075_rep02.json,6a03edc4eeed5dee8f34c39cb424f8b8edb8b1f25d21a3eaf156c8e1eab61419
0.25,0.75,3,0.24923076923076923,0.7499502190362406,0.23509044930351017,0.7538033933128773,u0-r2,u0-r2,0.0,0.0,False,q025_r075_rep03.json,45cac9768a0bcb61dcea6ca3dd5370b3a1fd783ae53f891b5239a2e6c1794f36
0.25,0.75,4,0.24923076923076923,0.7499502190362406,0.30112882687757764,0.747657836550054,u0-r2,u0-r2,0.0,0.0,False,q025_r075_rep04.json,35e62b9cb5f41cec791d86131734a52db33b1c5581f55bbd6094a1f4c8941305
0.25,0.75,5,0.24923076923076923,0.7499502190362406,0.3019888151372826,0.73752446592942,u0-r2,u0-r2,0.0,0.0,False,q025_r075_rep05.json,c60476132979d4342ed1bf2f86f4d61aaf8064feb6070abb709c2e9d626d5ac0
0.25,0.75,6,0.24923076923076923,0.7499502190362406,0.23673000925779886,0.7505858060111931,u0-r2,u0-r2,0.0,0.0,False,q025_r075_rep06.json,737d1448e834b56d763562ac7c3a53369b75b4aaa38c5488ecc9cd6d69c50ef6
0.25,0.75,7,0.24923076923076923,0.7499502190362406,0.2482447380198275,0.7536770658510212,u0-r2,u0-r2,0.0,0.0,False,q025_r075_rep07.json,633181a903044a57dda4f5e154728d04beb612ab48280c8676924b3f926e757f
0.25,0.75,8,0.24923076923076923,0.7499502190362406,0.2577629446147084,0.7389269430253567,u0-r2,u0-r2,0.0,0.0,False,q025_r075_rep08.json,ce425b048d0685f31b6925d90defbc619e48c1730405312ce9b4bdf3fd2e3eaa
0.25,0.75,9,0.24923076923076923,0.7499502190362406,0.2998190954539516,0.7556762133039298,u0-r2,u0-r2,0.0,0.0,False,q025_r075_rep09.json,8709327c02e5ca412f9b656955d87fb6ddcdb0c83658f1677f7ddf3b237ba39f
0.5,0.25,0,0.5,0.25004962779156326,0.47253850727345426,0.3002209157386035,u1-r0,u1-r0,0.0,0.0,False,q050_r025_rep00.json,0759051d3fab6854401dc94a18b4a5efe08ecab7c37565dd5e308961a24a6bbb
0.5,0.25,1,0.5,0.25004962779156326,0.4921477426055301,0.2504657509389761,u1-r0,u1-r0,0.0,0.0,False,q050_r025_rep01.json,943a2045cb87f17ae28de5351cc7b860670f5828c552cead9d55688a6773ccc8
0.5,0.25,2,0.5,0.25004962779156326,0.49158918800405194,0.24559033851985543,u1-r0,u1-r0,0.0,0.0,False,q050_r025_rep02.json,64a7129043b4b4ca760cfbd35ea9eee7edb72371f8c8f24f6e743806d4bdfc10
0.5,0.25,3,0.5,0.25004962779156326,0.5052076418221451,0.2315621843879081,u1-r0,u1-r0,0.0,0.0,False,q050_r025_rep03.json,ece56d6da9ebeb8694d365363747f79b1780916b6f766342f2a7d028337762a1
0.5,0.25,4,0.5,0.25004962779156326,0.48255533036991477,0.25758860775004955,u1-r0,u1-r0,0.0,0.0,False,q050_r025_rep04.json,aeb684619cd97e87aa21b747f08d33f0cc782c390040c0afbe1f35a651b0039f
0.5,0.25,5,0.5,0.25004962779156326,0.4943224095955933,0.28353891568782885,u1-r0,u1-r0,0.0,0.0,False,q050_r025_rep05.json,2484c888e7fe4a12b85acb01f7878913f76bd4dc7ab76e6c890995f113b223c8
0.5,0.25,6,0.5,0.25004962779156326,0.4821219919104211,0.2966705437279503,u1-r0,u1-r0,0.0,0.0,False,q050_r025_rep06.json,364b26f8c7d990bf722f2eeadd03953fd34ab98b262eb9a5440b7f80f897a3f4
0.5,0.25,7,0.5,0.25004962779156326,0.44641313384225745,0.2558096456252439,u1-r0,u1-r0,0.0,0.0,False,q050_r025_rep07.json,356f1c1a27156e19b977ffee772f5b41c2e266de9be2dc36852f5ef9f8c37769
0.5,0.25,8,0.5,0.25004962779156326,0.5277981052941554,0.2561065887467134,u1-r0,u1-r0,0.0,0.0,False,q050_r025_rep08.json,910044882b164cd20e764f96c5055c00a2e7c00fa7173da89d1e3baa1b6809de
0.5,0.25,9,0.5,0.25004962779156326,0.5078989884094363,0.25728383068227045,u1-r0,u1-r0,0.0,0.0,False,q050_r025_rep09.json,d338872dff9e49fea1b2dc23dd748be970795b48e2a12bd3368e577cf59e10c5
0.5,0.5,0,0.5,0.5000992555831265,0.4807617114978507,0.5111647698867499,u1-r1,u1-r1,0.5,0.5,False,q050_r050_rep00.json,94bc5c11cd297e0aa54fc8186c5495b3bb92b871ed367c2d93fa34e922fc0352
0.5,0.5,1,0.5,0.5000992555831265,0.5014986297963315,0.4929610868149322,u1-r1,u1-r1,0.5,0.5,False,q050_r050_rep01.json,84975d005d500e055cea49395e893ddb12a42bdab0df5646be2a165f8f13ee1a
0.5,0.5,2,0.5,0.5000992555831265,0.5117582801208193,0.49907974162885366,u1-r1,u1-r1,0.5,0.5,False,q050_r050_rep02.json,7b8673f4778f1207f1c0f9c79d937fee32564597aa766a08f12f44d7b25f4cbf
0.5,0.5,3,0.5,0.5000992555831265,0.4905942261233609,0.5143551769318008,u1-r1,u1-r1,0.5,0.5,False,q050_r050_rep03.json,ffc74d8086f110b5156fc02fbb3e9ada83f04fc954e7667acea21cb04757d50e
0.5,0.5,4,0.5,0.5000992555831265,0.509317661042683,0.5201117115480488,u1-r1,u1-r1,0.5,0.5,False,q050_r050_rep04.json,b354ab6b93d2a887e91f55a7673a1c25d78b80439882c2ddb5c81332db4d0c88
0.5,0.5,5,0.5,0.5000992555831265,0.5134215099505985,0.5055714533575512,u1-r1,u1-r1,0.5,0.5,False,q050_r050_rep05.json,c02d2d3eaedd86c56b4a1278f5740c512c24fa89a6f6c395e931c6fc79be4fcc
0.5,0.5,6,0.5,0.5000992555831265,0.5069896909634498,0.5014983340682112,u1-r1,u1-r1,0.5,0.5,False,q050_r050_rep06.json,e7abd936191c68501c579d07e6a1c9baa49171d01e6a348ef3db3b03877e5eec
0.5,0.5,7,0.5,0.5000992555831265,0.5088465881444278,0.5133709274764345,u1-r1,u1-r1,0.5,0.5,False,q050_r050_rep07.json,4f13553dfdfa3f36f62242effc94035669c8a1dd8eade92417ca2307d9dd2ecd
0.5,0.5,8,0.5,0.5000992555831265,0.48512262953695034,0.5295998272515453,u1-r1,u1-r1,0.5,0.5,False,q050_r050_rep08.json,8a03de0a586ab488957fc455dac9c94eba4d241adf69d405fe7717c8694ac43b
0.5,0.5,9,0.5,0.5000992555831265,0.4949123463272527,0.5054839095419507,u1-r1,u1-r1,0.5,0.5,False,q050_r050_rep09.json,debf55ac3ee6a56546437f36e616b5d3115bdfea4f175a70d8dae450978c2cc1
0.5,0.75,0,0.5,0.7499503722084367,0.5154125678944216,0.7563955009860106,u1-r2,u1-r2,0.5,0.5,False,q050_r075_rep00.json,72f1250bf893d5c17321145bbfdd8d150a85ac1e44f8b0d1c1182bba934299ff
0.5,0.75,1,0.5,0.7499503722084367,0.4652989162513969,0.7516215046161292,u1-r2,u1-r2,0.5,0.5,False,q050_r075_rep01.json,edd451dd06b255071d8f51dfb33b489124fbd9774e4e147bf8d482645a183598
0.5,0.75,2,0.5,0.7499503722084367,0.5097039495554728,0.7376818074593773,u1-r2,u1-r2,0.5,0.5,False,q050_r075_rep02.json,090d76020bdf9aa3aea86483837e6b2b09bb1a1e522884997f6902d52357f7f4
0.5,0.75,3,0.5,0.7499503722084367,0.5137866518639861,0.7391229152361506,u1-r2,u1-r2,0.5,0.5,False,q050_r075_rep03.json,28112be8ad4e9b15451cbc9b9bdee34ce7fc5adc8b3249cffc6000c32c644fe7
0.5,0.75,4,0.5,0.7499503722084367,0.4942077465884802,0.7440396995473639,u1-r2,u1-r2,0.5,0.5,False,q050_r075_rep04.json,f4238f4ef0d7995e413d970588d01847489fbbe9e617281c0b5563c32723e8f9
0.5,0.75,5,0.5,0.7499503722084367,0.5054679770925536,0.7647177558786405,u1-r2,u1-r2,0.5,0.5,False,q050_r075_rep05.json,28000cb8f2d8028d42e107625f810250bb46257c315645d342adf43faf0294d1
0.5,0.75,6,0.5,0.7499503722084367,0.5049966215283379,0.7457948642345988,u1-r2,u1-r2,0.5,0.5,False,q050_r075_rep06.json,ae82d73d91cc89554a510eea1b10d84799f77f381ad161dd38ab61c6092931d6
0.5,0.75,7,0.5,0.7499503722084367,0.49085273493396214,0.751026615200187,u1-r2,u1-r2,0.5,0.5,False,q050_r075_rep07.json,d92151c12ad1c425897fd1506e91029f17e402cf3e9d9b33d2ac813270f980ae
0.5,0.75,8,0.5,0.7499503722084367,0.47606828853423366,0.7490198933439313,u1-r2,u1-r2,0.5,0.5,False,q050_r075_rep08.json,787daf046aad64792db0a4878a6ac2ac3fc410836f00f588b81e487986de54a9
0.5,0.75,9,0.5,0.7499503722084367,0.486776227435019,0.731499516044541,u1-r2,u1-r2,0.5,0.5,False,q050_r075_rep09.json,6419dc7feae67fbad220d3207f0e037901d2ab7d40c9d56e5d2d853ba54b1a26
0.75,0.25,0,0.7507692307692306,0.2500330512956107,0.7645641293425237,0.26565724298340804,u2-r0,u2-r0,0.9,0.9,False,q075_r025_rep00.json,bc797d9eac38bcf788e7aaf07e939247b4bbeb03de1357d82b6c1874b053839d
0.75,0.25,1,0.7507692307692306,0.2500330512956107,0.7684920252265645,0.26875445854612123,u2-r0,u2-r0,0.9,0.9,False,q075_r025_rep01.json,587b93e8de01f9072b2ad5b85aa2e08e7ca1f7cc31fbe6a03566d2858564f4ee
0.75,0.25,2,0.7507692307692306,0.2500330512956107,0.7469754235185069,0.26111697338674633,u2-r0,u2-r0,0.9,0.9,False,q075_r025_rep02.json,eca951f8dd1fffaaf7f0cf6652e4b73bb185dc3aa4185eb6583697e8fe4ed523
0.75,0.25,3,0.7507692307692306,0.2500330512956107,0.7367156728904161,0.25825716099131446,u2-r0,u2-r0,0.9,0.9,False,q075_r025_rep03.json,e7ea770f46390b9590be44a65b6878a812f461cf04ec92c27d272e525d760215
0.75,0.25,4,0.7507692307692306,0.2500330512956107,0.7408994922262522,0.24766031739820488,u2-r0,u2-r0,0.9,0.9,False,q075_r025_rep04.json,033bee04547790729976f05e6cf471ccd8d7b8d063ef1229a7fc4020a888ecd8
0.75,0.25,5,0.7507692307692306,0.2500330512956107,0.7547763586118956,0.23988552793731654,u2-r0,u2-r0,0.9,0.9,False,q075_r025_rep05.json,cacb3315f52cc4df918efc96e8e27617435d1710496a315690552721aee1477b
0.75,0.25,6,0.7507692307692306,0.2500330512956107,0.76956122795406,0.2514413013659705,u2-r0,u2-r0,0.9,0.9,False,q075_r025_rep06.json,58521b3abb5477a8f0b9be0ca9a07be23c114a8bdd80896339767209d9e08d4c
0.75,0.25,7,0.7507692307692306,0.2500330512956107,0.7328576093622206,0.25376084191423504,u2-r0,u2-r0,0.9,0.9,False,q075_r025_rep07.json,d58a7445216dcfecd45ba7e2bb1233540dcf7d6b23275d5e4c140ae637e823c2
0.75,0.25,8,0.7507692307692306,0.2500330512956107,0.7683847166969071,0.2620069313577182,u2-r0,u2-r0,0.9,0.9,False,q075_r025_rep08.json,8efb10a9d78d4ded1ad71212256cc7f86664dadd8761fe921b246c0f9ec08d16
0.75,0.25,9,0.7507692307692306,0.2500330512956107,0.7602745774529879,0.24161455044826413,u2-r0,u2-r0,0.9,0.9,False,q075_r025_rep09.json,2df037e717a31a66257df0ccd365bc2b1e4ee4f30f93e8547d39082659d460cf
0.75,0.5,0,0.7507692307692306,0.5000661025912214,0.7537122187465962,0.5174499122684596,u2-r1,u2-r1,0.9,0.9,False,q075_r050_rep00.json,d5b3573f421cffed6bd11ef55bcb71d253664d993864235980fda92e07d4d96b
0.75,0.5,1,0.7507692307692306,0.5000661025912214,0.7100192636559786,0.5246409768164922,u2-r1,u2-r1,0.9,0.9,False,q075_r050_rep01.json,54c322afc6a77d904192a26b3741eaf755d560bde7231cd964dc6ca3836e41a0
0.75,0.5,2,0.7507692307692306,0.5000661025912214,0.7389403653686766,0.5167292093010023,u2-r1,u2-r1,0.9,0.9,False,q075_r050_rep02.json,aa1ce6db0c0e1a7b7d4916695712ebad1ad7328dc2409d4ac342eaa04b28b81f
0.75,0.5,3,0.7507692307692306,0.5000661025912214,0.79106356869774,0.5158600019009985,u2-r1,u2-r1,0.9,0.9,False,q075_r050_rep03.json,5738e56c455256e4855dd722e454fa6ae248e67eec8d67f9679962b363f1a748
0.75,0.5,4,0.7507692307692306,0.5000661025912214,0.7444739553475462,0.5239959266102849,u2-r1,u2-r1,0.9,0.9,False,q075_r050_rep04.json,7f04353e10bd9dbd11b8b922f087ef3178f2865dbc419f803fe1d03d52cc9514
0.75,0.5,5,0.7507692307692306,0.5000661025912214,0.7382370107530556,0.48171719039962485,u2-r1,u2-r1,0.9,0.9,False,q075_r050_rep05.json,230673811ebb1727426059294cbd1c0277a0c11e3a1aa61fceca38636abe8b21
0.75,0.5,6,0.7507692307692306,0.5000661025912214,0.7944979154224172,0.483195889418636,u2-r1,u2-r1,0.9,0.9,False,q075_r050_rep06.json,7a0004a87b7a9008ddb45c0ddc1cb976952636329b76079ef5ab3862b79b2d65
0.75,0.5,7,0.7507692307692306,0.5000661025912214,0.7555375372476435,0.49124359059080985,u2-r1,u2-r1,0.9,0.9,False,q075_r050_rep07.json,39e006801f2eb720fced1db5743122ae2af125ab0ff6e1ccc21f2ce5a6bcbba5
0.75,0.5,8,0.7507692307692306,0.5000661025912214,0.7455550678228541,0.4961142698215819,u2-r1,u2-r1,0.9,0.9,False,q075_r050_rep08.json,22e93ce791d582028eb0f1aa40502ed954dbec724daad1c67d23479cb8e837e5
0.75,0.5,9,0.7507692307692306,0.5000661025912214,0.7649286128595756,0.46787685249928684,u2-r1,u2-r1,0.9,0.9,False,q075_r050_rep09.json,79795970ab9d4d40c296e735d7bc5e4016cd3dcd3f3aeae8f4830882fa87a484
0.75,0.75,0,0.7507692307692306,0.7499669487043893,0.7631189286645689,0.7503661081570399,u2-r2,u2-r2,0.9,0.9,False,q075_r075_rep00.json,ffd1fb7a17b8c07c35ff23b830654a7f7dc26c6194a762f6398f234ec5502b6b
0.75,0.75,1,0.7507692307692306,0.7499669487043893,0.7828774242199317,0.781392312883541,u2-r2,u2-r2,0.9,0.9,False,q075_r075_rep01.json,feabac017d4c5e5779acaabacabe81968d011ef870e9510425dcea41bd872743
0.75,0.75,2,0.7507692307692306,0.7499669487043893,0.7855338660973722,0.7475146708750025,u2-r2,u2-r2,0.9,0.9,False,q075_r075_rep02.json,a3bd345f39e537f5a921a857570da608dff66f80b02885a683bf11fadb16c73a
0.75,0.75,3,0.7507692307692306,0.7499669487043893,0.7386156424568201,0.7516605325075822,u2-r2,u2-r2,0.9,0.9,False,q075_r075_rep03.json,ac52b92ff410640706ecaa0f7f1e7658c9944c49869c84bcb200cdf69ddd1e2b
0.75,0.75,4,0.7507692307692306,0.7499669487043893,0.7242713461704815,0.7562251090163175,u2-r2,u2-r2,0.9,0.9,False,q075_r075_rep04.json,2c1829ba2e5f0dbf285659e20287375a50969db15fa1f881fd22b68f9d1f15b7
0.75,0.75,5,0.7507692307692306,0.7499669487043893,0.7587439526068731,0.7579781115427109,u2-r2,u2-r2,0.9,0.9,False,q075_r075_rep05.json,27820867b57d7cff17df9f76b423fd9cd68e45984c0ddd0bc1ba8be0e4770fef
0.75,0.75,6,0.7507692307692306,0.7499669487043893,0.7248867419863423,0.7284830280693195,u2-r2,u2-r2,0.9,0.9,False,q075_r075_rep06.json,80274aa240820ae53fb9332231eef191e9e1a3e26bd872f88a8da01cc5e3e0fa
0.75,0.75,7,0.7507692307692306,0.7499669487043893,0.7374984184592155,0.7508091060772646,u2-r2,u2-r2,0.9,0.9,False,q075_r075_rep07.json,5581b5d650ebe5015e0a958bdcf03f4993f5efd287bdd9a441597850568a9fd4
0.75,0.75,8,0.7507692307692306,0.7499669487043893,0.7452381410303472,0.7226550701677148,u2-r2,u2-r2,0.9,0.9,False,q075_r075_rep08.json,cb8ed1521336a71ffbea97d9d110c95526f32de26bed97118374b82d0bf7b2db
0.75,0.75,9,0.7507692307692306,0.7499669487043893,0.7627019319338304,0.7582513918888755,u2-r2,u2-r2,0.9,0.9,False,q075_r075_rep09.json,1b562f543352f69212c98087d56d5ab2b28e6856d65f2c43797d6724346c5b0f
