seed,epsilon,route,reference_person_count,deterministic_count,sensitivity,standard_laplace,noise,release,error,squared_error,absolute_relative_error
42001,1.0,stable-local,1002,1154,1.0,0.31081979412291333,0.31081979412291333,1154.3108197941228,152.31081979412284,23198.58582635776,0.15200680618175932
42001,1.0,naive-2c,1002,1002,2.0,0.31081979412291333,0.6216395882458267,1002.6216395882458,0.6216395882457846,0.3864357776743886,0.0006203987906644557
42001,1.0,unitscope,1002,1002,1.0,0.31081979412291333,0.31081979412291333,1002.310819794123,0.31081979412294913,0.09660894441863248,0.0003101993953322846
42001,4.0,stable-local,1002,1154,1.0,0.31081979412291333,0.07770494853072833,1154.0777049485307,152.0777049485307,23127.62834241236,0.1517741566352602
42001,4.0,naive-2c,1002,1002,2.0,0.31081979412291333,0.15540989706145666,1002.1554098970614,0.15540989706141772,0.024152236104640453,0.00015509969766608556
42001,4.0,unitscope,1002,1002,1.0,0.31081979412291333,0.07770494853072833,1002.0777049485307,0.07770494853070886,0.006038059026160113,7.754984883304278e-05
42001,16.0,stable-local,1002,1154,1.0,0.31081979412291333,0.019426237132682083,1154.0194262371326,152.01942623713262,23109.905953467005,0.15171599424863536
42001,16.0,naive-2c,1002,1002,2.0,0.31081979412291333,0.038852474265364166,1002.0388524742654,0.03885247426535443,0.0015095147565400283,3.877492441652139e-05
42001,16.0,unitscope,1002,1002,1.0,0.31081979412291333,0.019426237132682083,1002.0194262371327,0.01942623713273406,0.0003773786891372156,1.9387462208317423e-05
42002,1.0,stable-local,1002,1154,1.0,0.23619691412206095,0.23619691412206095,1154.236196914122,152.23619691412205,23175.859650875344,0.1519323322496228
42002,1.0,naive-2c,1002,1002,2.0,0.23619691412206095,0.4723938282441219,1002.4723938282441,0.47239382824409404,0.22315592896311062,0.0004714509263913114
42002,1.0,unitscope,1002,1002,1.0,0.23619691412206095,0.23619691412206095,1002.236196914122,0.23619691412204702,0.055788982240777656,0.0002357254631956557
42002,4.0,stable-local,1002,1154,1.0,0.23619691412206095,0.05904922853051524,1154.0590492285305,152.0590492285305,23121.954452284666,0.15175553815222606
42002,4.0,naive-2c,1002,1002,2.0,0.23619691412206095,0.11809845706103048,1002.118098457061,0.11809845706102351,0.013947245560194414,0.00011786273159782786
42002,4.0,unitscope,1002,1002,1.0,0.23619691412206095,0.05904922853051524,1002.0590492285305,0.059049228530511755,0.0034868113900486035,5.893136579891393e-05
42002,16.0,stable-local,1002,1154,1.0,0.23619691412206095,0.01476230713262881,1154.0147623071327,152.01476230713274,23108.487959294067,0.151711339627877
42002,16.0,naive-2c,1002,1002,2.0,0.23619691412206095,0.02952461426525762,1002.0295246142653,0.029524614265255877,0.0008717028475121509,2.9465682899456964e-05
42002,16.0,unitscope,1002,1002,1.0,0.23619691412206095,0.01476230713262881,1002.0147623071326,0.014762307132627939,0.00021792571187803772,1.4732841449728482e-05
42003,1.0,stable-local,1002,1154,1.0,-0.6788157946965044,-0.6788157946965044,1153.3211842053036,151.32118420530355,22898.100789295408,0.1510191459134766
42003,1.0,naive-2c,1002,1002,2.0,-0.6788157946965044,-1.3576315893930089,1000.642368410607,-1.3576315893930087,1.8431635325177869,0.0013549217459012063
42003,1.0,unitscope,1002,1002,1.0,-0.6788157946965044,-0.6788157946965044,1001.3211842053034,-0.6788157946965612,0.4607908831295239,0.0006774608729506598
42003,4.0,stable-local,1002,1154,1.0,-0.6788157946965044,-0.1697039486741261,1153.8302960513258,151.83029605132583,23052.438799033247,0.15152724156818945
42003,4.0,naive-2c,1002,1002,2.0,-0.6788157946965044,-0.3394078973482522,1001.6605921026518,-0.33940789734822374,0.11519772078234239,0.0003387304364752732
42003,4.0,unitscope,1002,1002,1.0,-0.6788157946965044,-0.1697039486741261,1001.8302960513258,-0.16970394867416871,0.02879943019560489,0.00016936521823769334
42003,16.0,stable-local,1002,1154,1.0,-0.6788157946965044,-0.04242598716853153,1153.9575740128314,151.9575740128314,23091.104299865132,0.15165426548186767
42003,16.0,naive-2c,1002,1002,2.0,-0.6788157946965044,-0.08485197433706305,1001.9151480256629,-0.08485197433708436,0.007199857548901223,8.468260911884667e-05
42003,16.0,unitscope,1002,1002,1.0,-0.6788157946965044,-0.04242598716853153,1001.9575740128315,-0.042425987168485335,0.0017999643872204823,4.2341304559366604e-05
42004,1.0,stable-local,1002,1154,1.0,0.09487665923045986,0.09487665923045986,1154.0948766592305,152.09487665923052,23132.851505986546,0.15179129407108835
42004,1.0,naive-2c,1002,1002,2.0,0.09487665923045986,0.18975331846091972,1002.1897533184609,0.18975331846093013,0.03600632186693517,0.00018937456932228557
42004,1.0,unitscope,1002,1002,1.0,0.09487665923045986,0.09487665923045986,1002.0948766592304,0.09487665923040822,0.009001580466723006,9.468728466108605e-05
42004,4.0,stable-local,1002,1154,1.0,0.09487665923045986,0.023719164807614965,1154.0237191648075,152.02371916480752,23111.211188700265,0.15172027860759232
42004,4.0,naive-2c,1002,1002,2.0,0.09487665923045986,0.04743832961522993,1002.0474383296153,0.047438329615260955,0.0022503951166861443,4.734364233059976e-05
42004,4.0,unitscope,1002,1002,1.0,0.09487665923045986,0.023719164807614965,1002.0237191648076,0.023719164807630477,0.0005625987791715361,2.367182116529988e-05
42004,16.0,stable-local,1002,1154,1.0,0.09487665923045986,0.005929791201903741,1154.0059297912019,152.00592979120188,23105.802691687793,0.15170252474171844
42004,16.0,naive-2c,1002,1002,2.0,0.09487665923045986,0.011859582403807483,1002.0118595824038,0.011859582403758395,0.00014064969479153576,1.1835910582593209e-05
42004,16.0,unitscope,1002,1002,1.0,0.09487665923045986,0.005929791201903741,1002.0059297912019,0.005929791201879198,3.516242369788394e-05,5.917955291296604e-06
42005,1.0,stable-local,1002,1154,1.0,-0.9206544859442685,-0.9206544859442685,1153.0793455140558,151.07934551405583,22824.968640955463,0.15077778993418745
42005,1.0,naive-2c,1002,1002,2.0,-0.9206544859442685,-1.841308971888537,1000.1586910281114,-1.8413089718885658,3.390418729957327,0.0018376337044796066
42005,1.0,unitscope,1002,1002,1.0,-0.9206544859442685,-0.9206544859442685,1001.0793455140557,-0.9206544859442829,0.8476046824893317,0.0009188168522398033
42005,4.0,stable-local,1002,1154,1.0,-0.9206544859442685,-0.23016362148606712,1153.769836378514,151.7698363785139,23034.08323436088,0.15146690257336717
42005,4.0,naive-2c,1002,1002,2.0,-0.9206544859442685,-0.46032724297213423,1001.5396727570279,-0.4603272429720846,0.21190117062228062,0.00045940842611984494
42005,4.0,unitscope,1002,1002,1.0,-0.9206544859442685,-0.23016362148606712,1001.7698363785139,-0.23016362148609915,0.05297529265559632,0.0002297042130599792
42005,16.0,stable-local,1002,1154,1.0,-0.9206544859442685,-0.05754090537151678,1153.9424590946285,151.94245909462848,23086.510875722848,0.15163918073316215
42005,16.0,naive-2c,1002,1002,2.0,-0.9206544859442685,-0.11508181074303356,1001.884918189257,-0.11508181074304957,0.01324382316389908,0.0001148521065299896
42005,16.0,unitscope,1002,1002,1.0,-0.9206544859442685,-0.05754090537151678,1001.9424590946285,-0.057540905371524786,0.00331095579097477,5.74260532649948e-05
42006,1.0,stable-local,1002,1154,1.0,0.5658609444265746,0.5658609444265746,1154.5658609444265,152.5658609444265,23276.341925714085,0.15226133826789073
42006,1.0,naive-2c,1002,1002,2.0,0.5658609444265746,1.1317218888531493,1003.1317218888531,1.1317218888531215,1.2807944337092771,0.001129462962927267
42006,1.0,unitscope,1002,1002,1.0,0.5658609444265746,0.5658609444265746,1002.5658609444266,0.5658609444266176,0.3201986084273836,0.0005647314814636903
42006,4.0,stable-local,1002,1154,1.0,0.5658609444265746,0.14146523610664366,1154.1414652361066,152.14146523610657,23147.025444189425,0.15183778965679298
42006,4.0,naive-2c,1002,1002,2.0,0.5658609444265746,0.2829304722132873,1002.2829304722133,0.28293047221325196,0.08004965210681374,0.0002823657407317884
42006,4.0,unitscope,1002,1002,1.0,0.5658609444265746,0.14146523610664366,1002.1414652361067,0.14146523610668282,0.02001241302671952,0.00014118287036595092
42006,16.0,stable-local,1002,1154,1.0,0.5658609444265746,0.035366309026660915,1154.0353663090266,152.03536630902659,23114.752608719897,0.15173190250401855
42006,16.0,naive-2c,1002,1002,2.0,0.5658609444265746,0.07073261805332183,1002.0707326180533,0.07073261805328457,0.005003103256671838,7.059143518291873e-05
42006,16.0,unitscope,1002,1002,1.0,0.5658609444265746,0.035366309026660915,1002.0353663090267,0.03536630902669913,0.0012507758141719802,3.5295717591516095e-05
42007,1.0,stable-local,1002,1154,1.0,-1.5147638247483377,-1.5147638247483377,1152.4852361752517,150.48523617525166,22645.80630672127,0.15018486644236692
42007,1.0,naive-2c,1002,1002,2.0,-1.5147638247483377,-3.0295276494966754,998.9704723505033,-3.0295276494966856,9.178037779064914,0.0030234806881204446
42007,1.0,unitscope,1002,1002,1.0,-1.5147638247483377,-1.5147638247483377,1000.4852361752517,-1.5147638247483428,2.2945094447662284,0.0015117403440602223
42007,4.0,stable-local,1002,1154,1.0,-1.5147638247483377,-0.3786909561870844,1153.621309043813,151.62130904381297,22989.021356159443,0.15131867170041216
42007,4.0,naive-2c,1002,1002,2.0,-1.5147638247483377,-0.7573819123741689,1001.2426180876258,-0.7573819123741714,0.5736273611915571,0.0007558701720301111
42007,4.0,unitscope,1002,1002,1.0,-1.5147638247483377,-0.3786909561870844,1001.621309043813,-0.37869095618702886,0.1434068402978462,0.00037793508601499887
42007,16.0,stable-local,1002,1154,1.0,-1.5147638247483377,-0.0946727390467711,1153.9053272609533,151.9053272609533,23075.22845025732,0.15160212301492346
42007,16.0,naive-2c,1002,1002,2.0,-1.5147638247483377,-0.1893454780935422,1001.8106545219065,-0.18934547809351443,0.03585171007446155,0.00018896754300749943
42007,16.0,unitscope,1002,1002,1.0,-1.5147638247483377,-0.0946727390467711,1001.9053272609532,-0.09467273904681406,0.008962927518626151,9.448377150380645e-05
42008,1.0,stable-local,1002,1154,1.0,2.7615729511416194,2.7615729511416194,1156.7615729511417,154.76157295114172,23951.14446231156,0.1544526676159099
42008,1.0,naive-2c,1002,1002,2.0,2.7615729511416194,5.523145902283239,1007.5231459022832,5.523145902283204,30.50514065790775,0.005512121658965274
42008,1.0,unitscope,1002,1002,1.0,2.7615729511416194,2.7615729511416194,1004.7615729511416,2.761572951141602,7.626285164476937,0.002756060829482637
42008,4.0,stable-local,1002,1154,1.0,2.7615729511416194,0.6903932377854048,1154.6903932377854,152.69039323778543,23314.35618710955,0.15238562199379782
42008,4.0,naive-2c,1002,1002,2.0,2.7615729511416194,1.3807864755708097,1003.3807864755709,1.3807864755708579,1.9065712911193913,0.001378030414741375
42008,4.0,unitscope,1002,1002,1.0,2.7615729511416194,0.6903932377854048,1002.6903932377854,0.6903932377854289,0.4766428227798478,0.0006890152073706875
42008,16.0,stable-local,1002,1154,1.0,2.7615729511416194,0.1725983094463512,1154.1725983094464,152.17259830944636,23156.499676248117,0.15186886058826982
42008,16.0,naive-2c,1002,1002,2.0,2.7615729511416194,0.3451966188927024,1002.3451966188927,0.34519661889271447,0.11916070569496195,0.00034450760368534377
42008,16.0,unitscope,1002,1002,1.0,2.7615729511416194,0.1725983094463512,1002.1725983094464,0.17259830944635723,0.02979017642374049,0.00017225380184267188
42009,1.0,stable-local,1002,1154,1.0,0.2341480113390977,0.2341480113390977,1154.2341480113391,152.23414801133913,23175.23582073831,0.1519302874364662
42009,1.0,naive-2c,1002,1002,2.0,0.2341480113390977,0.4682960226781954,1002.4682960226781,0.4682960226781461,0.2193011648561707,0.0004673613000779901
42009,1.0,unitscope,1002,1002,1.0,0.2341480113390977,0.2341480113390977,1002.2341480113391,0.23414801133912988,0.054825291214069295,0.00023368065003905177
42009,4.0,stable-local,1002,1154,1.0,0.2341480113390977,0.05853700283477443,1154.0585370028348,152.05853700283478,23121.798675442475,0.15175502694893692
42009,4.0,naive-2c,1002,1002,2.0,0.2341480113390977,0.11707400566954886,1002.1170740056696,0.11707400566956494,0.013706322803517324,0.00011684032501952589
42009,4.0,unitscope,1002,1002,1.0,0.2341480113390977,0.05853700283477443,1002.0585370028348,0.05853700283478247,0.003426580700879331,5.842016250976294e-05
42009,16.0,stable-local,1002,1154,1.0,0.2341480113390977,0.014634250708693607,1154.0146342507087,152.0146342507087,23108.449026376737,0.15171121182705458
42009,16.0,naive-2c,1002,1002,2.0,0.2341480113390977,0.029268501417387214,1002.0292685014174,0.029268501417391235,0.0008566451752198327,2.921008125488147e-05
42009,16.0,unitscope,1002,1002,1.0,0.2341480113390977,0.014634250708693607,1002.0146342507087,0.014634250708695618,0.00021416129380495818,1.4605040627440736e-05
42010,1.0,stable-local,1002,1154,1.0,-0.015233343656834578,-0.015233343656834578,1153.9847666563433,151.98476665634325,23099.369295583107,0.15168140384864595
42010,1.0,naive-2c,1002,1002,2.0,-0.015233343656834578,-0.030466687313669156,1001.9695333126863,-0.030466687313719376,0.0009282190358719492,3.040587556259419e-05
42010,1.0,unitscope,1002,1002,1.0,-0.015233343656834578,-0.015233343656834578,1001.9847666563431,-0.015233343656859688,0.0002320547589679873,1.5202937781297095e-05
42010,4.0,stable-local,1002,1154,1.0,-0.015233343656834578,-0.0038083359142086445,1153.9961916640857,151.9961916640857,23102.842280385474,0.15169280605198174
42010,4.0,naive-2c,1002,1002,2.0,-0.015233343656834578,-0.007616671828417289,1001.9923833281716,-0.007616671828373001,5.801368974113091e-05,7.601468890591817e-06
42010,4.0,unitscope,1002,1002,1.0,-0.015233343656834578,-0.0038083359142086445,1001.9961916640858,-0.0038083359141865003,1.4503422435282728e-05,3.8007344452959086e-06
42010,16.0,stable-local,1002,1154,1.0,-0.015233343656834578,-0.0009520839785521611,1153.9990479160215,151.99904791602148,23103.710567376995,0.15169565660281584
42010,16.0,naive-2c,1002,1002,2.0,-0.015233343656834578,-0.0019041679571043222,1001.9980958320428,-0.0019041679571500936,3.6258556090371607e-06,1.9003672227046841e-06
42010,16.0,unitscope,1002,1002,1.0,-0.015233343656834578,-0.0009520839785521611,1001.9990479160215,-0.0009520839785182034,9.064639021510507e-07,9.501836112956121e-07
