q_user,q_record_given_handle,paired_seeds,unit_metric_mean,unit_metric_ci_lower,unit_metric_ci_upper,handle_metric_mean,handle_metric_ci_lower,handle_metric_ci_upper,gain_over_fallback,gain_over_fallback_ci_lower,gain_over_fallback_ci_upper,difference_from_handle_only,difference_from_handle_only_ci_lower,difference_from_handle_only_ci_upper,unit_record_utilization,handle_record_utilization,realized_q_user,realized_q_record_given_handle,descriptive_positive_region,handle_gain_retention,handle_gain_retention_ci_lower,handle_gain_retention_ci_upper
0.25,0.25,5,0.11547727272727273,0.1024659090909091,0.13004261363636366,0.11407102272727272,0.10194318181818181,0.1269744318181818,-0.046894886363636354,-0.06766477272727271,-0.028676136363636362,0.0014062500000000006,-0.0004687500000000039,0.0033750000000000056,1.0,0.062921875,0.24923076923076923,0.2500497809637595,False,,,
0.25,0.5,5,0.14573011363636365,0.11973011363636363,0.1704005681818182,0.14341761363636363,0.11785511363636363,0.16973295454545453,-0.016642045454545444,-0.028906249999999994,-0.0012301136363636334,0.0023125000000000034,-9.374999999999523e-05,0.004375000000000001,1.0,0.1254375,0.24923076923076923,0.500099561927519,False,,,
0.25,0.75,5,0.16927556818181816,0.1371590909090909,0.19340909090909092,0.1698693181818182,0.1366903409090909,0.19636647727272727,0.00690340909090909,-0.004232954545454526,0.017874999999999995,-0.0005937500000000068,-0.0030937500000000145,0.0019062499999999982,1.0,0.1887265625,0.24923076923076923,0.7499502190362406,False,,,
0.5,0.25,5,0.14697443181818182,0.12379829545454543,0.16645454545454544,0.14566193181818182,0.12245454545454545,0.16732954545454543,-0.015397727272727271,-0.024437500000000004,-0.006357954545454539,0.0013125000000000025,-0.001218749999999999,0.003468750000000004,1.0,0.12532812499999998,0.5,0.25004962779156326,False,,,
0.5,0.5,5,0.18034375,0.14246874999999998,0.2082414772727273,0.18371875,0.14440624999999999,0.21239772727272727,0.017971590909090913,0.0028124999999999956,0.03125568181818183,-0.0033750000000000056,-0.00528125000000001,-0.0009999999999999953,1.0,0.25028125,0.5,0.5000992555831265,True,0.8418951290923608,0.7317073170731696,0.8869127171789863
0.5,0.75,5,0.21540340909090908,0.16084943181818182,0.2619715909090909,0.22124715909090908,0.16350568181818181,0.2714034090909091,0.053031249999999995,0.021940340909090913,0.08832954545454544,-0.005843750000000011,-0.009562500000000012,-0.00212500000000001,1.0,0.37689062500000003,0.5,0.7499503722084367,True,0.9007430997876855,0.8613847045191196,0.9302655131264912
0.75,0.25,5,0.1694034090909091,0.1406875,0.19226704545454548,0.1705284090909091,0.13996875,0.19448579545454545,0.007031250000000005,-0.004718749999999999,0.017968750000000012,-0.0011249999999999982,-0.002624999999999994,0.0007812499999999944,1.0,0.1869140625,0.7507692307692306,0.2500330512956107,False,,,
0.75,0.5,5,0.22428125,0.16609943181818182,0.2690284090909091,0.23631534090909093,0.16975568181818182,0.28510227272727273,0.061909090909090914,0.02578693181818183,0.09465340909090907,-0.012034090909090921,-0.018784090909090934,-0.004815340909090915,1.0,0.375,0.7507692307692306,0.5000661025912214,True,0.8372521899492852,0.7585221542392253,0.8783674166417627
0.75,0.75,5,0.26889488636363634,0.19875568181818182,0.3296732954545455,0.2813607954545455,0.2122727272727273,0.33857954545454544,0.1065227272727273,0.05815340909090909,0.15589204545454544,-0.012465909090909106,-0.01834090909090911,-0.006590909090909103,1.0,0.5648828124999999,0.7507692307692306,0.7499669487043893,True,0.8952344570719128,0.758344756047864,0.9589218080775901
