B,C,H,aggregate_snr,certificate_type,certified_sensitivity,clip_fraction,comparison_tier,complete_units,config_hash,contributing_record_gradient_evaluations,dataset,delta,diagnostic_gradient_seconds,diagnostic_record_gradient_evaluations,dropped_units,effective_record_utilization,epsilon,evidence_seed,evidence_view,gradient_distortion_l2,group_gradient_evaluations,handle_users_fully_covered_fraction,handle_users_with_residual_fraction,implementation_provenance,lambda,local_atom_units,local_mixed_units,manifest_hash,mean_residual_records_per_handle_user,method,metric_name,metric_value,noise_multiplier,noise_seed,noise_sensitivity,noisy_releases,non_dummy_record_gradient_evaluations,oracle_audit_seconds,overlap_probability,partial_clip_fraction,partial_gradient_distortion_l2,partial_handle_record_fraction,partial_handle_units,patient_or_user_auprc,plan_config_hash,privacy_semantics,public_normalizer,q_record_given_handle,q_record_given_handle_pooled,q_record_given_handle_requested,q_record_total,q_user,q_user_requested,realized_overlap_fraction,record_gradient_evaluations,residual_clip_fraction,residual_gradient_distortion_l2,residual_record_fraction,run_id,sample_accuracy,scenario,schedule_seed,seed,split_seed,structural_sensitivity_bound,topology_seed,user_macro_accuracy,validation_pass,wall_time_seconds,q_user_cell,q_record_cell
6,1.0,1,0.0019420984264988373,plan-c,1.0,0.9999999904632568,diagnostic,0,1f47d4cd38c94e488c9ceb22e24fa0327dccccc0231a7bc5d93011e5469ebb87,25600,femnist,1e-05,0.0,0,0,1.0,4.0,31003,controlled,0.9478795576095581,20821,0.0,1.0,this-work,0.9,1657,0,2b5430a1513d75bc16d18c3a1b0dd69994f8716f60d020fc70892a914c32db81,23.993827160493826,unitscope-lambda-sweep,user_macro_accuracy,0.1162215909090909,9.214933748786253,51005,1.0,50,25600,0.06982889997016173,0.5,0.9999999988079071,0.08898674312047661,0.0648046875,162,,85e2c0f67dd26b6eb06bd8a9d1355cd162f47ba512379568bb155acfe11a2c54,user-certified,512.0,0.25004978096375946,0.2500482346131584,0.25,0.0623136840080777,0.24923076923076923,0.25,0.5,25600,0.9999999916553497,0.8939456611871719,0.9351953125,234ff70760f430080149e41c5d5695335d8024f6d468fea5f5fc7bfff1f9fb6f,0.11600564351779276,custom,31006,2,31001,1.0,31002,0.1162215909090909,True,15.783118700026534,0.25,0.25
6,1.0,1,0.002136286930622731,plan-c,1.0,1.0,primary,0,1f47d4cd38c94e488c9ceb22e24fa0327dccccc0231a7bc5d93011e5469ebb87,1588,femnist,1e-05,10.961932900041575,25600,1657,0.06203125,4.0,31003,controlled,1.2339738282561301,1454,0.0,1.0,this-work,1.0,0,0,2b5430a1513d75bc16d18c3a1b0dd69994f8716f60d020fc70892a914c32db81,23.993827160493826,handle-only-drop-residual,user_macro_accuracy,0.13920454545454544,9.214933748786253,71005,1.0,50,1588,0.06928939993667882,0.5,1.0,0.10947088347747921,0.06203125,162,,85e2c0f67dd26b6eb06bd8a9d1355cd162f47ba512379568bb155acfe11a2c54,user-certified,512.0,0.25004978096375946,0.2500482346131584,0.25,0.0623136840080777,0.24923076923076923,0.25,0.5,25600,0.0,1.1633534878492355,0.0,27939568cd13ded65166700507ffe2a38c59025d7d88266a18e0df65fa7cdd6b,0.13936353660448347,custom,31008,4,31001,1.0,31002,0.13920454545454544,True,15.727737500026706,0.25,0.25
6,1.0,1,0.0020664419778465793,plan-c,1.0,0.999999989271164,diagnostic,0,1f47d4cd38c94e488c9ceb22e24fa0327dccccc0231a7bc5d93011e5469ebb87,25600,femnist,1e-05,0.0,0,0,1.0,4.0,31003,controlled,1.1851320606470108,20974,0.0,1.0,this-work,0.9,1657,0,2b5430a1513d75bc16d18c3a1b0dd69994f8716f60d020fc70892a914c32db81,23.993827160493826,unitscope-lambda-sweep,user_macro_accuracy,0.14389204545454545,9.214933748786253,71005,1.0,50,25600,0.07024519998230971,0.5,1.0,0.10871280137449503,0.06203125,162,,85e2c0f67dd26b6eb06bd8a9d1355cd162f47ba512379568bb155acfe11a2c54,user-certified,512.0,0.25004978096375946,0.2500482346131584,0.25,0.0623136840080777,0.24923076923076923,0.25,0.5,25600,0.9999999916553497,1.1165158930420875,0.93796875,650e7e04ae326d4f0d863449a18c041f883ec639bff3d7120d4dece8e44eafc8,0.14406646809844803,custom,31008,4,31001,1.0,31002,0.14389204545454545,True,15.88905930002511,0.25,0.25
6,1.0,1,0.0020004980102446067,plan-c,1.0,1.0,primary,0,1f47d4cd38c94e488c9ceb22e24fa0327dccccc0231a7bc5d93011e5469ebb87,1607,femnist,1e-05,9.942385699949227,25600,1657,0.0627734375,4.0,31003,controlled,1.3766538839042186,1469,0.0,1.0,this-work,1.0,0,0,2b5430a1513d75bc16d18c3a1b0dd69994f8716f60d020fc70892a914c32db81,23.993827160493826,handle-only-drop-residual,user_macro_accuracy,0.11640625,9.214933748786253,41005,1.0,50,1607,0.0612012000347022,0.5,1.0,0.0998317694105208,0.0627734375,162,,85e2c0f67dd26b6eb06bd8a9d1355cd162f47ba512379568bb155acfe11a2c54,user-certified,512.0,0.25004978096375946,0.2500482346131584,0.25,0.0623136840080777,0.24923076923076923,0.25,0.5,25600,0.0,1.3111302381753922,0.0,7a384201d64459ce3412957fdc40505d077031a01ddbab465b7414ffe0189dc7,0.11678946543345352,custom,31005,1,31001,1.0,31002,0.11640625,True,14.322324900029344,0.25,0.25
6,1.0,1,0.0019585987521966706,plan-c,1.0,0.9999999916553497,diagnostic,0,1f47d4cd38c94e488c9ceb22e24fa0327dccccc0231a7bc5d93011e5469ebb87,25600,femnist,1e-05,0.0,0,0,1.0,4.0,31003,controlled,1.3009372100234031,20906,0.0,1.0,this-work,0.9,1657,0,2b5430a1513d75bc16d18c3a1b0dd69994f8716f60d020fc70892a914c32db81,23.993827160493826,unitscope-lambda-sweep,user_macro_accuracy,0.11921875,9.214933748786253,41005,1.0,50,25600,0.06137059998582117,0.5,1.0,0.09794024048373103,0.0627734375,162,,85e2c0f67dd26b6eb06bd8a9d1355cd162f47ba512379568bb155acfe11a2c54,user-certified,512.0,0.25004978096375946,0.2500482346131584,0.25,0.0623136840080777,0.24923076923076923,0.25,0.5,25600,0.9999999904632568,1.238360300809145,0.9372265625,8ee9f8a6246dcb2782e1cea1803e0acc3e654fdbd3d5daf1284db30ce931f378,0.11961122432983226,custom,31005,1,31001,1.0,31002,0.11921875,True,14.891328800018528,0.25,0.25
6,1.0,1,0.002121074315024442,plan-c,1.0,0.999999989271164,diagnostic,0,1f47d4cd38c94e488c9ceb22e24fa0327dccccc0231a7bc5d93011e5469ebb87,25600,femnist,1e-05,0.0,0,0,1.0,4.0,31003,controlled,1.2846062764525414,21018,0.0,1.0,this-work,0.9,1657,0,2b5430a1513d75bc16d18c3a1b0dd69994f8716f60d020fc70892a914c32db81,23.993827160493826,unitscope-lambda-sweep,user_macro_accuracy,0.09873579545454544,9.214933748786253,61005,1.0,50,25600,0.07009979999565985,0.5,1.0,0.11736932719126343,0.0633984375,162,,85e2c0f67dd26b6eb06bd8a9d1355cd162f47ba512379568bb155acfe11a2c54,user-certified,512.0,0.25004978096375946,0.2500482346131584,0.25,0.0623136840080777,0.24923076923076923,0.25,0.5,25600,0.9999999928474427,1.2021698221564292,0.9366015625,a04f9b0425abd625ede814498311f5038ada0cfdcd6645bb24c4562cad066485,0.098761561373256,custom,31007,3,31001,1.0,31002,0.09873579545454544,True,15.857861800002865,0.25,0.25
6,1.0,1,0.0021338751397628757,plan-c,1.0,1.0,primary,0,1f47d4cd38c94e488c9ceb22e24fa0327dccccc0231a7bc5d93011e5469ebb87,1577,femnist,1e-05,9.257936400099425,25600,1657,0.0616015625,4.0,31003,controlled,1.137295687943697,1438,0.0,1.0,this-work,1.0,0,0,2b5430a1513d75bc16d18c3a1b0dd69994f8716f60d020fc70892a914c32db81,23.993827160493826,handle-only-drop-residual,user_macro_accuracy,0.09931818181818182,9.214933748786253,31005,1.0,50,1577,0.05777579998539295,0.5,1.0,0.08997358491644264,0.0616015625,162,,85e2c0f67dd26b6eb06bd8a9d1355cd162f47ba512379568bb155acfe11a2c54,user-certified,512.0,0.25004978096375946,0.2500482346131584,0.25,0.0623136840080777,0.24923076923076923,0.25,0.5,25600,0.0,1.0740654538571834,0.0,b35fc93c46918ad57423f5bf3050600eba919874a6c9dc9766bffd2f9a37333c,0.0984480326069917,custom,31004,0,31001,1.0,31002,0.09931818181818182,True,15.548907699907431,0.25,0.25
6,1.0,1,0.0021951699692413728,plan-c,1.0,1.0,primary,0,1f47d4cd38c94e488c9ceb22e24fa0327dccccc0231a7bc5d93011e5469ebb87,1623,femnist,1e-05,10.856288499984657,25600,1657,0.0633984375,4.0,31003,controlled,1.3203718149662018,1490,0.0,1.0,this-work,1.0,0,0,2b5430a1513d75bc16d18c3a1b0dd69994f8716f60d020fc70892a914c32db81,23.993827160493826,handle-only-drop-residual,user_macro_accuracy,0.09748579545454544,9.214933748786253,61005,1.0,50,1623,0.06854480001493357,0.5,1.0,0.11795972846448421,0.0633984375,162,,85e2c0f67dd26b6eb06bd8a9d1355cd162f47ba512379568bb155acfe11a2c54,user-certified,512.0,0.25004978096375946,0.2500482346131584,0.25,0.0623136840080777,0.24923076923076923,0.25,0.5,25600,0.0,1.2363957786560058,0.0,d4f295d68ef2b9d80b4028b46a34c8107e2c3c8e4198c0d6efde59bcd8ebf276,0.09750744630819878,custom,31007,3,31001,1.0,31002,0.09748579545454544,True,15.832276300003286,0.25,0.25
6,1.0,1,0.0020803237083738702,plan-c,1.0,0.999999989271164,diagnostic,0,1f47d4cd38c94e488c9ceb22e24fa0327dccccc0231a7bc5d93011e5469ebb87,25600,femnist,1e-05,0.0,0,0,1.0,4.0,31003,controlled,1.0924250458180904,21004,0.0,1.0,this-work,0.9,1657,0,2b5430a1513d75bc16d18c3a1b0dd69994f8716f60d020fc70892a914c32db81,23.993827160493826,unitscope-lambda-sweep,user_macro_accuracy,0.09931818181818182,9.214933748786253,31005,1.0,50,25600,0.05954190010379534,0.5,1.0,0.08869953136891126,0.0616015625,162,,85e2c0f67dd26b6eb06bd8a9d1355cd162f47ba512379568bb155acfe11a2c54,user-certified,512.0,0.25004978096375946,0.2500482346131584,0.25,0.0623136840080777,0.24923076923076923,0.25,0.5,25600,0.9999999940395355,1.03115783020854,0.9383984375,e07b37dba8d6b33fb7f03b1fc6b64d5cb96c7ab564f26b54c67e5651e2957939,0.0984480326069917,custom,31004,0,31001,1.0,31002,0.09931818181818182,True,14.533028899895726,0.25,0.25
6,1.0,1,0.002022162465952327,plan-c,1.0,0.9999999988079071,primary,0,1f47d4cd38c94e488c9ceb22e24fa0327dccccc0231a7bc5d93011e5469ebb87,1659,femnist,1e-05,10.755614999987301,25600,1657,0.0648046875,4.0,31003,controlled,0.9810564376413822,1508,0.0,1.0,this-work,1.0,0,0,2b5430a1513d75bc16d18c3a1b0dd69994f8716f60d020fc70892a914c32db81,23.993827160493826,handle-only-drop-residual,user_macro_accuracy,0.1179403409090909,9.214933748786253,51005,1.0,50,1659,0.06716230003803503,0.5,0.9999999988079071,0.08903597908094525,0.0648046875,162,,85e2c0f67dd26b6eb06bd8a9d1355cd162f47ba512379568bb155acfe11a2c54,user-certified,512.0,0.25004978096375946,0.2500482346131584,0.25,0.0623136840080777,0.24923076923076923,0.25,0.5,25600,0.0,0.9257852344214916,0.0,ee9c7cb0a64ec057e084b3d7f36aa0d2f858dabb633c1369869f4dfc5bd4ace2,0.11773005173224643,custom,31006,2,31001,1.0,31002,0.1179403409090909,True,15.833788899966748,0.25,0.25
6,1.0,1,0.0029713640941054584,plan-c,1.0,0.9999999904632568,diagnostic,0,0d2f986dfbc84bc642baddc0fbf8388348e8c7865991ec4cc23a0c83e692c748,25600,femnist,1e-05,0.0,0,0,1.0,4.0,31003,controlled,0.8578784030675888,20956,0.0,1.0,this-work,0.9,1656,0,2ac752325d2ab0f711b4fbf95ca42bbc21d4bebc4d8ff620e437e19193126e7c,15.993827160493828,unitscope-lambda-sweep,user_macro_accuracy,0.1472869318181818,9.214933748786253,31005,1.0,50,25600,0.06349939995561726,0.5,0.9999999940395355,0.13473894342780113,0.1275390625,162,,85e2c0f67dd26b6eb06bd8a9d1355cd162f47ba512379568bb155acfe11a2c54,user-certified,512.0,0.5000995619275189,0.5000964692263168,0.5,0.1246273680161554,0.24923076923076923,0.25,0.5,25600,0.9999999964237213,0.7595836317539215,0.8724609375,17b71af07356206c04aa023036293c92a5ab608d4c90386c5a459cea1d72b1cf,0.14657469822856248,custom,31004,0,31001,1.0,31002,0.1472869318181818,True,15.489335400052369,0.25,0.5
6,1.0,1,0.0031302021624126913,plan-c,1.0,0.9999999940395355,primary,0,0d2f986dfbc84bc642baddc0fbf8388348e8c7865991ec4cc23a0c83e692c748,3265,femnist,1e-05,9.494324599931133,25600,1656,0.1275390625,4.0,31003,controlled,0.8565957516431808,2724,0.0,1.0,this-work,1.0,0,0,2ac752325d2ab0f711b4fbf95ca42bbc21d4bebc4d8ff620e437e19193126e7c,15.993827160493828,handle-only-drop-residual,user_macro_accuracy,0.14306818181818182,9.214933748786253,31005,1.0,50,3265,0.062427400043816306,0.5,0.9999999940395355,0.1325866439566016,0.1275390625,162,,85e2c0f67dd26b6eb06bd8a9d1355cd162f47ba512379568bb155acfe11a2c54,user-certified,512.0,0.5000995619275189,0.5000964692263168,0.5,0.1246273680161554,0.24923076923076923,0.25,0.5,25600,0.0,0.7603661395609379,0.0,71e5bc5dddba5fe40779bb5ae5ecf121c5749be9f2c72da9ead6451c15290df7,0.14234205988399434,custom,31004,0,31001,1.0,31002,0.14306818181818182,True,17.02031740001985,0.25,0.5
6,1.0,1,0.0029262615719561407,plan-c,1.0,0.9999999952316284,diagnostic,0,0d2f986dfbc84bc642baddc0fbf8388348e8c7865991ec4cc23a0c83e692c748,25600,femnist,1e-05,0.0,0,0,1.0,4.0,31003,controlled,1.142565758228302,20954,0.0,1.0,this-work,0.9,1656,0,2ac752325d2ab0f711b4fbf95ca42bbc21d4bebc4d8ff620e437e19193126e7c,15.993827160493828,unitscope-lambda-sweep,user_macro_accuracy,0.10154829545454545,9.214933748786253,61005,1.0,50,25600,0.0684229000180494,0.5,0.9999999916553497,0.17578601494431495,0.1240234375,162,,85e2c0f67dd26b6eb06bd8a9d1355cd162f47ba512379568bb155acfe11a2c54,user-certified,512.0,0.5000995619275189,0.5000964692263168,0.5,0.1246273680161554,0.24923076923076923,0.25,0.5,25600,0.9999999988079071,1.0131352676451206,0.8759765625,780e356c9f92cad35d0bef0d751b61e2f2a19d75a153d71a54eb3c56b0da0210,0.10158332026963474,custom,31007,3,31001,1.0,31002,0.10154829545454545,True,15.862187199978507,0.25,0.5
6,1.0,1,0.0029164554608634824,plan-c,1.0,0.9999999928474427,diagnostic,0,0d2f986dfbc84bc642baddc0fbf8388348e8c7865991ec4cc23a0c83e692c748,25600,femnist,1e-05,0.0,0,0,1.0,4.0,31003,controlled,1.116943007707596,20861,0.0,1.0,this-work,0.9,1656,0,2ac752325d2ab0f711b4fbf95ca42bbc21d4bebc4d8ff620e437e19193126e7c,15.993827160493828,unitscope-lambda-sweep,user_macro_accuracy,0.14671875,9.214933748786253,41005,1.0,50,25600,0.06537040002876893,0.5,0.9999999916553497,0.15888506026938556,0.125,162,,85e2c0f67dd26b6eb06bd8a9d1355cd162f47ba512379568bb155acfe11a2c54,user-certified,512.0,0.5000995619275189,0.5000964692263168,0.5,0.1246273680161554,0.24923076923076923,0.25,0.5,25600,1.0,1.002909342199564,0.875,874245565470ad61cc2d8e1cb63b468ba7d77716da85a37c5b38548ebc0d8003,0.14720175576109107,custom,31005,1,31001,1.0,31002,0.14671875,True,15.846303999962402,0.25,0.5
6,1.0,1,0.0030759592185435865,plan-c,1.0,0.9999999928474427,primary,0,0d2f986dfbc84bc642baddc0fbf8388348e8c7865991ec4cc23a0c83e692c748,3161,femnist,1e-05,10.109825300081866,25600,1656,0.1234765625,4.0,31003,controlled,1.050202807933092,2635,0.0,1.0,this-work,1.0,0,0,2ac752325d2ab0f711b4fbf95ca42bbc21d4bebc4d8ff620e437e19193126e7c,15.993827160493828,handle-only-drop-residual,user_macro_accuracy,0.1878125,9.214933748786253,71005,1.0,50,3161,0.06691900003352202,0.5,0.9999999928474427,0.16262676045298577,0.1234765625,162,,85e2c0f67dd26b6eb06bd8a9d1355cd162f47ba512379568bb155acfe11a2c54,user-certified,512.0,0.5000995619275189,0.5000964692263168,0.5,0.1246273680161554,0.24923076923076923,0.25,0.5,25600,0.0,0.9391016401350498,0.0,8f1b02a46ba15e0b33eed5c090dec954551ff7ca960a5fdcd9b564fe278dc2a2,0.18843078852484715,custom,31008,4,31001,1.0,31002,0.1878125,True,15.207828299884568,0.25,0.5
6,1.0,1,0.002908803811681474,plan-c,1.0,0.9999999916553497,diagnostic,0,0d2f986dfbc84bc642baddc0fbf8388348e8c7865991ec4cc23a0c83e692c748,25600,femnist,1e-05,0.0,0,0,1.0,4.0,31003,controlled,1.0423188790678979,20933,0.0,1.0,this-work,0.9,1656,0,2ac752325d2ab0f711b4fbf95ca42bbc21d4bebc4d8ff620e437e19193126e7c,15.993827160493828,unitscope-lambda-sweep,user_macro_accuracy,0.18609375,9.214933748786253,71005,1.0,50,25600,0.07022380008129403,0.5,0.9999999928474427,0.16378808341920376,0.1234765625,162,,85e2c0f67dd26b6eb06bd8a9d1355cd162f47ba512379568bb155acfe11a2c54,user-certified,512.0,0.5000995619275189,0.5000964692263168,0.5,0.1246273680161554,0.24923076923076923,0.25,0.5,25600,0.9999999952316284,0.9307125702500343,0.8765234375,b1c052a99ac665b643b492561548795ec1be0f404bbffbf2ac48730a7a13db74,0.18670638031039347,custom,31008,4,31001,1.0,31002,0.18609375,True,15.663224999923841,0.25,0.5
6,1.0,1,0.003081438863695426,plan-c,1.0,0.9999999916553497,primary,0,0d2f986dfbc84bc642baddc0fbf8388348e8c7865991ec4cc23a0c83e692c748,3200,femnist,1e-05,9.530163500006893,25600,1656,0.125,4.0,31003,controlled,1.1382466197013854,2667,0.0,1.0,this-work,1.0,0,0,2ac752325d2ab0f711b4fbf95ca42bbc21d4bebc4d8ff620e437e19193126e7c,15.993827160493828,handle-only-drop-residual,user_macro_accuracy,0.14296875,9.214933748786253,41005,1.0,50,3200,0.06375980004668236,0.5,0.9999999916553497,0.15883519385010003,0.125,162,,85e2c0f67dd26b6eb06bd8a9d1355cd162f47ba512379568bb155acfe11a2c54,user-certified,512.0,0.5000995619275189,0.5000964692263168,0.5,0.1246273680161554,0.24923076923076923,0.25,0.5,25600,0.0,1.0231788963079453,0.0,b31dac07900d7455b3270a8d97351c6ccaa3fa64ad7eb4b14fae83990ffda6b9,0.1434394105659194,custom,31005,1,31001,1.0,31002,0.14296875,True,15.22741529995983,0.25,0.5
6,1.0,1,0.0028459223066918744,plan-c,1.0,0.9999999904632568,diagnostic,0,0d2f986dfbc84bc642baddc0fbf8388348e8c7865991ec4cc23a0c83e692c748,25600,femnist,1e-05,0.0,0,0,1.0,4.0,31003,controlled,0.8422390384972096,20817,0.0,1.0,this-work,0.9,1656,0,2ac752325d2ab0f711b4fbf95ca42bbc21d4bebc4d8ff620e437e19193126e7c,15.993827160493828,unitscope-lambda-sweep,user_macro_accuracy,0.1470028409090909,9.214933748786253,51005,1.0,50,25600,0.07154749998881016,0.5,0.9999999928474427,0.14272726135328412,0.1271484375,162,,85e2c0f67dd26b6eb06bd8a9d1355cd162f47ba512379568bb155acfe11a2c54,user-certified,512.0,0.5000995619275189,0.5000964692263168,0.5,0.1246273680161554,0.24923076923076923,0.25,0.5,25600,0.9999999976158143,0.7436202138662338,0.8728515625,cd87c3b4801f75eb6ede87b2b9f18c4e70ecc4f38b51cfd2cad2e72b0f8d0974,0.1468882269948268,custom,31006,2,31001,1.0,31002,0.1470028409090909,True,15.455320100023528,0.25,0.5
6,1.0,1,0.0030864446640995434,plan-c,1.0,0.9999999916553497,primary,0,0d2f986dfbc84bc642baddc0fbf8388348e8c7865991ec4cc23a0c83e692c748,3175,femnist,1e-05,10.010593500061077,25600,1656,0.1240234375,4.0,31003,controlled,1.1474488580226898,2651,0.0,1.0,this-work,1.0,0,0,2ac752325d2ab0f711b4fbf95ca42bbc21d4bebc4d8ff620e437e19193126e7c,15.993827160493828,handle-only-drop-residual,user_macro_accuracy,0.10107954545454545,9.214933748786253,61005,1.0,50,3175,0.07350120006594807,0.5,0.9999999916553497,0.1735388069227338,0.1240234375,162,,85e2c0f67dd26b6eb06bd8a9d1355cd162f47ba512379568bb155acfe11a2c54,user-certified,512.0,0.5000995619275189,0.5000964692263168,0.5,0.1246273680161554,0.24923076923076923,0.25,0.5,25600,0.0,1.0196757812798023,0.0,e78357e0f4f3b42cee56ad1a25e8f60f0802fc38be30568dd606bc4f51412656,0.10111302712023829,custom,31007,3,31001,1.0,31002,0.10107954545454545,True,16.04108359986276,0.25,0.5
6,1.0,1,0.0030330170596351434,plan-c,1.0,0.9999999928474427,primary,0,0d2f986dfbc84bc642baddc0fbf8388348e8c7865991ec4cc23a0c83e692c748,3255,femnist,1e-05,9.978428400034318,25600,1656,0.1271484375,4.0,31003,controlled,0.8489224588871003,2727,0.0,1.0,this-work,1.0,0,0,2ac752325d2ab0f711b4fbf95ca42bbc21d4bebc4d8ff620e437e19193126e7c,15.993827160493828,handle-only-drop-residual,user_macro_accuracy,0.1421590909090909,9.214933748786253,51005,1.0,50,3255,0.0685838999634143,0.5,0.9999999928474427,0.14174204224720596,0.1271484375,162,,85e2c0f67dd26b6eb06bd8a9d1355cd162f47ba512379568bb155acfe11a2c54,user-certified,512.0,0.5000995619275189,0.5000964692263168,0.5,0.1246273680161554,0.24923076923076923,0.25,0.5,25600,0.0,0.7507751193642617,0.0,f16bf48d8001765b71690b49a35332943c6a1290a8300f7d24f49df92e15c7d3,0.14202853111773006,custom,31006,2,31001,1.0,31002,0.1421590909090909,True,14.725171600002795,0.25,0.5
6,1.0,1,0.0037878448371072592,plan-c,1.0,0.9999999988079071,primary,0,2d12a8e570a4d9ae7e2c0a5de272d689738333cbae43b684b25c4718c803f24c,4806,femnist,1e-05,10.882045400052448,25600,1615,0.187734375,4.0,31003,controlled,0.9849023899435997,3642,0.0,1.0,this-work,1.0,0,0,ecb75eebc3a78e379976435c92816440f70027bdf214c08b1b78fedd883b009c,8.0,handle-only-drop-residual,user_macro_accuracy,0.20420454545454547,9.214933748786253,71005,1.0,50,4806,0.06799540003703441,0.5,0.9999999988079071,0.21484784249216318,0.187734375,162,,85e2c0f67dd26b6eb06bd8a9d1355cd162f47ba512379568bb155acfe11a2c54,user-certified,512.0,0.7499502190362406,0.7499517653868416,0.75,0.18689297047793058,0.24923076923076923,0.25,0.5,25600,0.0,0.8275680603086948,0.0,1deb80bcab872a733cdcfd23d7320fa17b507d9f655b1b7be7ab59a264960eae,0.20457751998745885,custom,31008,4,31001,1.0,31002,0.20420454545454547,True,15.838205699910759,0.25,0.75
6,1.0,1,0.0036091550857923894,plan-c,1.0,0.9999999928474427,diagnostic,0,2d12a8e570a4d9ae7e2c0a5de272d689738333cbae43b684b25c4718c803f24c,25600,femnist,1e-05,0.0,0,0,1.0,4.0,31003,controlled,1.033771394342184,20558,0.0,1.0,this-work,0.9,1615,0,ecb75eebc3a78e379976435c92816440f70027bdf214c08b1b78fedd883b009c,8.0,unitscope-lambda-sweep,user_macro_accuracy,0.10717329545454544,9.214933748786253,61005,1.0,50,25600,0.07497660013905261,0.5,0.9999999988079071,0.22537931583821774,0.1886328125,162,,85e2c0f67dd26b6eb06bd8a9d1355cd162f47ba512379568bb155acfe11a2c54,user-certified,512.0,0.7499502190362406,0.7499517653868416,0.75,0.18689297047793058,0.24923076923076923,0.25,0.5,25600,0.9999999964237213,0.8591126972436904,0.8113671875,4708f514b66b3f38e85beb556a811a5d6af1a71361250380e3935acb300adf40,0.10722683806239222,custom,31007,3,31001,1.0,31002,0.10717329545454544,True,15.906666299866629,0.25,0.75
6,1.0,1,0.0038046345167965447,plan-c,1.0,0.9999999988079071,primary,0,2d12a8e570a4d9ae7e2c0a5de272d689738333cbae43b684b25c4718c803f24c,4820,femnist,1e-05,10.924953399982769,25600,1615,0.18828125,4.0,31003,controlled,0.990824638158083,3666,0.0,1.0,this-work,1.0,0,0,ecb75eebc3a78e379976435c92816440f70027bdf214c08b1b78fedd883b009c,8.0,handle-only-drop-residual,user_macro_accuracy,0.1741619318181818,9.214933748786253,41005,1.0,50,4820,0.07012670001131482,0.5,0.9999999988079071,0.20489957895129918,0.18828125,162,,85e2c0f67dd26b6eb06bd8a9d1355cd162f47ba512379568bb155acfe11a2c54,user-certified,512.0,0.7499502190362406,0.7499517653868416,0.75,0.18689297047793058,0.24923076923076923,0.25,0.5,25600,0.0,0.8350882670283317,0.0,478e543e6e4f578662e22b7980a0b4a4e58d2093d17e2398f86558835797059f,0.17353817212729267,custom,31005,1,31001,1.0,31002,0.1741619318181818,True,15.82479830000375,0.25,0.75
6,1.0,1,0.00364574738857239,plan-c,1.0,0.9999999964237213,primary,0,2d12a8e570a4d9ae7e2c0a5de272d689738333cbae43b684b25c4718c803f24c,4883,femnist,1e-05,10.901060100033646,25600,1615,0.1907421875,4.0,31003,controlled,0.7852307350933552,3726,0.0,1.0,this-work,1.0,0,0,ecb75eebc3a78e379976435c92816440f70027bdf214c08b1b78fedd883b009c,8.0,handle-only-drop-residual,user_macro_accuracy,0.16511363636363638,9.214933748786253,51005,1.0,50,4883,0.07206519998726435,0.5,0.9999999964237213,0.17469020940363408,0.1907421875,162,,85e2c0f67dd26b6eb06bd8a9d1355cd162f47ba512379568bb155acfe11a2c54,user-certified,512.0,0.7499502190362406,0.7499517653868416,0.75,0.18689297047793058,0.24923076923076923,0.25,0.5,25600,0.0,0.6567696623504162,0.0,4f541fecb1ee55f0621d92d6a52dd864b7b9e088201f534d354613fdf673d4cb,0.16475936667189214,custom,31006,2,31001,1.0,31002,0.16511363636363638,True,16.049707999976818,0.25,0.75
6,1.0,1,0.003542485940237976,plan-c,1.0,0.9999999964237213,diagnostic,0,2d12a8e570a4d9ae7e2c0a5de272d689738333cbae43b684b25c4718c803f24c,25600,femnist,1e-05,0.0,0,0,1.0,4.0,31003,controlled,0.9828852184116841,20520,0.0,1.0,this-work,0.9,1615,0,ecb75eebc3a78e379976435c92816440f70027bdf214c08b1b78fedd883b009c,8.0,unitscope-lambda-sweep,user_macro_accuracy,0.20092329545454546,9.214933748786253,71005,1.0,50,25600,0.0708957000169903,0.5,0.9999999988079071,0.21679578825831414,0.187734375,162,,85e2c0f67dd26b6eb06bd8a9d1355cd162f47ba512379568bb155acfe11a2c54,user-certified,512.0,0.7499502190362406,0.7499517653868416,0.75,0.18689297047793058,0.24923076923076923,0.25,0.5,25600,0.999999989271164,0.8241446252167225,0.812265625,58aeb61e87ec78547118ba368fb722c632f3ec507ec4949130d79987a641a0a1,0.20128546794168364,custom,31008,4,31001,1.0,31002,0.20092329545454546,True,15.861691899975995,0.25,0.75
6,1.0,1,0.003847090467364918,plan-c,1.0,0.9999999988079071,primary,0,2d12a8e570a4d9ae7e2c0a5de272d689738333cbae43b684b25c4718c803f24c,4829,femnist,1e-05,11.025125499945716,25600,1615,0.1886328125,4.0,31003,controlled,1.0292310793697834,3657,0.0,1.0,this-work,1.0,0,0,ecb75eebc3a78e379976435c92816440f70027bdf214c08b1b78fedd883b009c,8.0,handle-only-drop-residual,user_macro_accuracy,0.10623579545454545,9.214933748786253,61005,1.0,50,4829,0.06983860005857423,0.5,0.9999999988079071,0.22131032273173332,0.1886328125,162,,85e2c0f67dd26b6eb06bd8a9d1355cd162f47ba512379568bb155acfe11a2c54,user-certified,512.0,0.7499502190362406,0.7499517653868416,0.75,0.18689297047793058,0.24923076923076923,0.25,0.5,25600,0.0,0.8579646365344524,0.0,7557794e6ea75a2a5de74b53a1df80406b6f80156a3e37cb100f0106ac511396,0.10628625176359931,custom,31007,3,31001,1.0,31002,0.10623579545454545,True,15.818926699997974,0.25,0.75
6,1.0,1,0.003562773980675437,plan-c,1.0,0.9999999964237213,diagnostic,0,2d12a8e570a4d9ae7e2c0a5de272d689738333cbae43b684b25c4718c803f24c,25600,femnist,1e-05,0.0,0,0,1.0,4.0,31003,controlled,0.9899633553624153,20454,0.0,1.0,this-work,0.9,1615,0,ecb75eebc3a78e379976435c92816440f70027bdf214c08b1b78fedd883b009c,8.0,unitscope-lambda-sweep,user_macro_accuracy,0.1740056818181818,9.214933748786253,41005,1.0,50,25600,0.06868589998339303,0.5,0.9999999988079071,0.20692211084067821,0.18828125,162,,85e2c0f67dd26b6eb06bd8a9d1355cd162f47ba512379568bb155acfe11a2c54,user-certified,512.0,0.7499502190362406,0.7499517653868416,0.75,0.18689297047793058,0.24923076923076923,0.25,0.5,25600,0.9999999928474427,0.8325943344831467,0.81171875,7eaf57fa77cad920bc17dd0108ee6e03f111e4e82fb04d241b64d4b01c52932c,0.17338140774416053,custom,31005,1,31001,1.0,31002,0.1740056818181818,True,15.921909400014556,0.25,0.75
6,1.0,1,0.0038200881692590006,plan-c,1.0,0.9999999976158143,primary,0,2d12a8e570a4d9ae7e2c0a5de272d689738333cbae43b684b25c4718c803f24c,4819,femnist,1e-05,10.345912899982068,25600,1615,0.1882421875,4.0,31003,controlled,0.7769137851893901,3668,0.0,1.0,this-work,1.0,0,0,ecb75eebc3a78e379976435c92816440f70027bdf214c08b1b78fedd883b009c,8.0,handle-only-drop-residual,user_macro_accuracy,0.1996306818181818,9.214933748786253,31005,1.0,50,4819,0.06451390002621338,0.5,0.9999999976158143,0.1674068208783865,0.1882421875,162,,85e2c0f67dd26b6eb06bd8a9d1355cd162f47ba512379568bb155acfe11a2c54,user-certified,512.0,0.7499502190362406,0.7499517653868416,0.75,0.18689297047793058,0.24923076923076923,0.25,0.5,25600,0.0,0.653155835866928,0.0,8fd13c118d3d8f46ed7fd4f806e2977fc0bf3fdb49daefa31966d2b7f8796414,0.1990907665778335,custom,31004,0,31001,1.0,31002,0.1996306818181818,True,16.777101799991215,0.25,0.75
6,1.0,1,0.0033914609359347605,plan-c,1.0,0.9999999988079071,diagnostic,0,2d12a8e570a4d9ae7e2c0a5de272d689738333cbae43b684b25c4718c803f24c,25600,femnist,1e-05,0.0,0,0,1.0,4.0,31003,controlled,0.785117534250021,20411,0.0,1.0,this-work,0.9,1615,0,ecb75eebc3a78e379976435c92816440f70027bdf214c08b1b78fedd883b009c,8.0,unitscope-lambda-sweep,user_macro_accuracy,0.16901988636363638,9.214933748786253,51005,1.0,50,25600,0.06769440000061877,0.5,0.9999999964237213,0.17646987713873385,0.1907421875,162,,85e2c0f67dd26b6eb06bd8a9d1355cd162f47ba512379568bb155acfe11a2c54,user-certified,512.0,0.7499502190362406,0.7499517653868416,0.75,0.18689297047793058,0.24923076923076923,0.25,0.5,25600,0.9999999928474427,0.6551515491306782,0.8092578125,b015ae032ecac79b8e32ae807f80667dece131b11b3c2dd7f6e956777b4d8980,0.16867847625019597,custom,31006,2,31001,1.0,31002,0.16901988636363638,True,15.853057899992564,0.25,0.75
6,1.0,1,0.0035828377165336013,plan-c,1.0,0.9999999976158143,diagnostic,0,2d12a8e570a4d9ae7e2c0a5de272d689738333cbae43b684b25c4718c803f24c,25600,femnist,1e-05,0.0,0,0,1.0,4.0,31003,controlled,0.783611886948347,20576,0.0,1.0,this-work,0.9,1615,0,ecb75eebc3a78e379976435c92816440f70027bdf214c08b1b78fedd883b009c,8.0,unitscope-lambda-sweep,user_macro_accuracy,0.1952556818181818,9.214933748786253,31005,1.0,50,25600,0.06974819995230064,0.5,0.9999999976158143,0.17057508017867803,0.1882421875,162,,85e2c0f67dd26b6eb06bd8a9d1355cd162f47ba512379568bb155acfe11a2c54,user-certified,512.0,0.7499502190362406,0.7499517653868416,0.75,0.18689297047793058,0.24923076923076923,0.25,0.5,25600,0.9999999916553497,0.6565734550356865,0.8117578125,d28a6127745f4f00ec06f54383e643d9a55675ea308a7a6cf841cf8fe5b218db,0.19470136385013326,custom,31004,0,31001,1.0,31002,0.1952556818181818,True,15.967948800054728,0.25,0.75
6,1.0,1,0.003223540258096728,plan-c,1.0,0.9999999940395355,primary,0,83f60c1a8b6c648a517966ffa42caa1784e8e0a1ee6547ac6d58b25df0e157ed,3252,femnist,1e-05,9.930727900020429,25600,1657,0.12703125,4.0,31003,controlled,1.0713761891424656,2976,0.0,1.0,this-work,1.0,0,0,b6d8059a8d9fb8f31bde9417114ff0c0a17f81a0b0c03808d9372f3d0f4d4815,23.993846153846153,handle-only-drop-residual,user_macro_accuracy,0.10561079545454545,9.214933748786253,61005,1.0,50,3252,0.06954449997283518,0.5,0.9999999940395355,0.17208366887643933,0.12703125,325,,85e2c0f67dd26b6eb06bd8a9d1355cd162f47ba512379568bb155acfe11a2c54,user-certified,512.0,0.25004962779156326,0.2500480861704174,0.25,0.12501202038657563,0.5,0.5,0.5,25600,0.0,0.9412275928258896,0.0,0c8b8e99ac4714104bd6acf70a515ccceb29de77ceb93c0975e49709f1e078ab,0.1056591942310707,custom,31007,3,31001,1.0,31002,0.10561079545454545,True,14.709564900011173,0.5,0.25
6,1.0,1,0.0030424873364520984,plan-c,1.0,0.9999999713897705,diagnostic,0,83f60c1a8b6c648a517966ffa42caa1784e8e0a1ee6547ac6d58b25df0e157ed,25600,femnist,1e-05,0.0,0,0,1.0,4.0,31003,controlled,1.0763118545711041,21401,0.0,1.0,this-work,0.9,1657,0,b6d8059a8d9fb8f31bde9417114ff0c0a17f81a0b0c03808d9372f3d0f4d4815,23.993846153846153,unitscope-lambda-sweep,user_macro_accuracy,0.10529829545454544,9.214933748786253,61005,1.0,50,25600,0.06676640000659972,0.5,0.9999999940395355,0.17478603221476077,0.12703125,325,,85e2c0f67dd26b6eb06bd8a9d1355cd162f47ba512379568bb155acfe11a2c54,user-certified,512.0,0.25004962779156326,0.2500480861704174,0.25,0.12501202038657563,0.5,0.5,0.5,25600,0.9999999964237213,0.9438473352789879,0.87296875,11cb36685cfda1d5183ef4837ccf3c073a33faaf223716c7317d82f9446204e3,0.10534566546480639,custom,31007,3,31001,1.0,31002,0.10529829545454544,True,14.496707700003753,0.5,0.25
6,1.0,1,0.003122946902894457,plan-c,1.0,0.9999999773502349,diagnostic,0,83f60c1a8b6c648a517966ffa42caa1784e8e0a1ee6547ac6d58b25df0e157ed,25600,femnist,1e-05,0.0,0,0,1.0,4.0,31003,controlled,0.8669162651896477,21403,0.0,1.0,this-work,0.9,1657,0,b6d8059a8d9fb8f31bde9417114ff0c0a17f81a0b0c03808d9372f3d0f4d4815,23.993846153846153,unitscope-lambda-sweep,user_macro_accuracy,0.1793181818181818,9.214933748786253,31005,1.0,50,25600,0.18805309999152087,0.5,0.9999999868869781,0.13379644902423024,0.1244921875,325,,85e2c0f67dd26b6eb06bd8a9d1355cd162f47ba512379568bb155acfe11a2c54,user-certified,512.0,0.25004962779156326,0.2500480861704174,0.25,0.12501202038657563,0.5,0.5,0.5,25600,0.9999999976158143,0.7716592012345791,0.8755078125,3b19682f4a15647cb19a120313b5639d61d27a6518e536bb5978f6702b2d5b7e,0.1787113967706537,custom,31004,0,31001,1.0,31002,0.1793181818181818,True,14.582711000010022,0.5,0.25
6,1.0,1,0.003038270050621885,plan-c,1.0,0.9999999845027924,diagnostic,0,83f60c1a8b6c648a517966ffa42caa1784e8e0a1ee6547ac6d58b25df0e157ed,25600,femnist,1e-05,0.0,0,0,1.0,4.0,31003,controlled,1.0166721116006374,21259,0.0,1.0,this-work,0.9,1657,0,b6d8059a8d9fb8f31bde9417114ff0c0a17f81a0b0c03808d9372f3d0f4d4815,23.993846153846153,unitscope-lambda-sweep,user_macro_accuracy,0.15686079545454545,9.214933748786253,41005,1.0,50,25600,0.06977250000636559,0.5,0.9999999964237213,0.1524217570386827,0.12390625,325,,85e2c0f67dd26b6eb06bd8a9d1355cd162f47ba512379568bb155acfe11a2c54,user-certified,512.0,0.25004962779156326,0.2500480861704174,0.25,0.12501202038657563,0.5,0.5,0.5,25600,0.9999999952316284,0.9059127280116082,0.87609375,3c1065d3c768deb51709391a75f08c713cb06d0c729b3774f0c5060ef6ba4abe,0.1570779118984167,custom,31005,1,31001,1.0,31002,0.15686079545454545,True,14.545915599985165,0.5,0.25
6,1.0,1,0.003309986208594198,plan-c,1.0,0.9999999868869781,primary,0,83f60c1a8b6c648a517966ffa42caa1784e8e0a1ee6547ac6d58b25df0e157ed,3187,femnist,1e-05,9.730408000061288,25600,1657,0.1244921875,4.0,31003,controlled,0.8680291885137558,2904,0.0,1.0,this-work,1.0,0,0,b6d8059a8d9fb8f31bde9417114ff0c0a17f81a0b0c03808d9372f3d0f4d4815,23.993846153846153,handle-only-drop-residual,user_macro_accuracy,0.1821306818181818,9.214933748786253,31005,1.0,50,3187,0.06317519993172027,0.5,0.9999999868869781,0.13191997602581979,0.1244921875,325,,85e2c0f67dd26b6eb06bd8a9d1355cd162f47ba512379568bb155acfe11a2c54,user-certified,512.0,0.25004962779156326,0.2500480861704174,0.25,0.12501202038657563,0.5,0.5,0.5,25600,0.0,0.7741148054599762,0.0,4ccc66e8d1b8399d9a7c1bc4a5ffa44de7867b99dfc730a3d80798454327b259,0.18153315566703246,custom,31004,0,31001,1.0,31002,0.1821306818181818,True,15.978590099999565,0.5,0.25
6,1.0,1,0.0031771188698347503,plan-c,1.0,0.9999999868869781,primary,0,83f60c1a8b6c648a517966ffa42caa1784e8e0a1ee6547ac6d58b25df0e157ed,3258,femnist,1e-05,10.055737100061378,25600,1657,0.127265625,4.0,31003,controlled,0.8330853536725045,2974,0.0,1.0,this-work,1.0,0,0,b6d8059a8d9fb8f31bde9417114ff0c0a17f81a0b0c03808d9372f3d0f4d4815,23.993846153846153,handle-only-drop-residual,user_macro_accuracy,0.1451278409090909,9.214933748786253,51005,1.0,50,3258,0.06809140006953385,0.5,0.9999999868869781,0.13555207794532179,0.127265625,325,,85e2c0f67dd26b6eb06bd8a9d1355cd162f47ba512379568bb155acfe11a2c54,user-certified,512.0,0.25004962779156326,0.2500480861704174,0.25,0.12501202038657563,0.5,0.5,0.5,25600,0.0,0.7388206045329571,0.0,70b15fcdb4ac955cb9c96ade62f1439d5222ccea409e8825731bd7d90a14d1be,0.14500705439724096,custom,31006,2,31001,1.0,31002,0.1451278409090909,True,14.588482299877796,0.5,0.25
6,1.0,1,0.0029754711239769745,plan-c,1.0,0.9999999940395355,diagnostic,0,83f60c1a8b6c648a517966ffa42caa1784e8e0a1ee6547ac6d58b25df0e157ed,25600,femnist,1e-05,0.0,0,0,1.0,4.0,31003,controlled,0.8256021147966385,21243,0.0,1.0,this-work,0.9,1657,0,b6d8059a8d9fb8f31bde9417114ff0c0a17f81a0b0c03808d9372f3d0f4d4815,23.993846153846153,unitscope-lambda-sweep,user_macro_accuracy,0.1471590909090909,9.214933748786253,51005,1.0,50,25600,0.0711639000219293,0.5,0.9999999868869781,0.13667909206822515,0.127265625,325,,85e2c0f67dd26b6eb06bd8a9d1355cd162f47ba512379568bb155acfe11a2c54,user-certified,512.0,0.25004962779156326,0.2500480861704174,0.25,0.12501202038657563,0.5,0.5,0.5,25600,0.9999999964237213,0.7311051343381405,0.872734375,7ec0263bb4fecb8369d887c6b6106cff67172e2f2c8c9659bcb4150ee0d6fb12,0.14704499137795893,custom,31006,2,31001,1.0,31002,0.1471590909090909,True,14.677594299981138,0.5,0.25
6,1.0,1,0.00298481630196302,plan-c,1.0,0.9999999773502349,diagnostic,0,83f60c1a8b6c648a517966ffa42caa1784e8e0a1ee6547ac6d58b25df0e157ed,25600,femnist,1e-05,0.0,0,0,1.0,4.0,31003,controlled,1.0349884462356567,21379,0.0,1.0,this-work,0.9,1657,0,b6d8059a8d9fb8f31bde9417114ff0c0a17f81a0b0c03808d9372f3d0f4d4815,23.993846153846153,unitscope-lambda-sweep,user_macro_accuracy,0.14623579545454546,9.214933748786253,71005,1.0,50,25600,0.06784269999479875,0.5,0.9999999904632568,0.16425294049084185,0.1239453125,325,,85e2c0f67dd26b6eb06bd8a9d1355cd162f47ba512379568bb155acfe11a2c54,user-certified,512.0,0.25004962779156326,0.2500480861704174,0.25,0.12501202038657563,0.5,0.5,0.5,25600,0.9999999964237213,0.9244105777144432,0.8760546875,8a6e0cc5596574357278f7984618e9e5137155bdc89e47e096b4547f73560eee,0.1464179338454303,custom,31008,4,31001,1.0,31002,0.14623579545454546,True,14.807944800006226,0.5,0.25
6,1.0,1,0.0032182907135260806,plan-c,1.0,0.9999999964237213,primary,0,83f60c1a8b6c648a517966ffa42caa1784e8e0a1ee6547ac6d58b25df0e157ed,3172,femnist,1e-05,10.05046240001684,25600,1657,0.12390625,4.0,31003,controlled,1.0245691289007663,2910,0.0,1.0,this-work,1.0,0,0,b6d8059a8d9fb8f31bde9417114ff0c0a17f81a0b0c03808d9372f3d0f4d4815,23.993846153846153,handle-only-drop-residual,user_macro_accuracy,0.15186079545454545,9.214933748786253,41005,1.0,50,3172,0.06536929997673724,0.5,0.9999999964237213,0.15134697886183857,0.12390625,325,,85e2c0f67dd26b6eb06bd8a9d1355cd162f47ba512379568bb155acfe11a2c54,user-certified,512.0,0.25004962779156326,0.2500480861704174,0.25,0.12501202038657563,0.5,0.5,0.5,25600,0.0,0.9141779659688473,0.0,b7f6f229b864cbd582b48d6e6db7d349e94a43261990a964ef0b3c5f97a532e4,0.1520614516381878,custom,31005,1,31001,1.0,31002,0.15186079545454545,True,14.622913400016841,0.5,0.25
6,1.0,1,0.003170617457454508,plan-c,1.0,0.9999999904632568,primary,0,83f60c1a8b6c648a517966ffa42caa1784e8e0a1ee6547ac6d58b25df0e157ed,3173,femnist,1e-05,9.902389399998356,25600,1657,0.1239453125,4.0,31003,controlled,1.0422474387288094,2910,0.0,1.0,this-work,1.0,0,0,b6d8059a8d9fb8f31bde9417114ff0c0a17f81a0b0c03808d9372f3d0f4d4815,23.993846153846153,handle-only-drop-residual,user_macro_accuracy,0.14357954545454546,9.214933748786253,71005,1.0,50,3173,0.06910949999291915,0.5,0.9999999904632568,0.16307315832003952,0.1239453125,325,,85e2c0f67dd26b6eb06bd8a9d1355cd162f47ba512379568bb155acfe11a2c54,user-certified,512.0,0.25004962779156326,0.2500480861704174,0.25,0.12501202038657563,0.5,0.5,0.5,25600,0.0,0.9317734947800637,0.0,f8302135528fa3a4fb688e15991c795b5aa666ff3cbe4f7b698e2dd0c3fd9882,0.14375293933218372,custom,31008,4,31001,1.0,31002,0.14357954545454546,True,14.628031900007045,0.5,0.25
6,1.0,1,0.005864938763383276,plan-c,1.0,0.9999999940395355,primary,0,be091665d37cce051854e90b780b9cc155ede46d982ab6e7d3ec915d44531004,9765,femnist,1e-05,10.159513300066465,25600,1575,0.3814453125,4.0,31003,controlled,0.7202163082361221,7409,0.0,1.0,this-work,1.0,0,0,db33fcef2ac137db438c11075fc66a186155921d689e48b39d4619925563278d,8.0,handle-only-drop-residual,user_macro_accuracy,0.22808238636363637,9.214933748786253,51005,1.0,50,9765,0.1794097000383772,0.5,0.9999999940395355,0.2901074782013893,0.3814453125,325,,85e2c0f67dd26b6eb06bd8a9d1355cd162f47ba512379568bb155acfe11a2c54,user-certified,512.0,0.7499503722084367,0.7499519138295826,0.75,0.37493989806712186,0.5,0.5,0.5,25600,0.0,0.48770617380738257,0.0,0a26df71a83b5d3e884f27f61f42e8c1b68652a6574deddb8930e405c7c80b38,0.22793541307414955,custom,31006,2,31001,1.0,31002,0.22808238636363637,True,14.71191549989453,0.5,0.75
6,1.0,1,0.005643103856243613,plan-c,1.0,0.9999999928474427,diagnostic,0,be091665d37cce051854e90b780b9cc155ede46d982ab6e7d3ec915d44531004,25600,femnist,1e-05,0.0,0,0,1.0,4.0,31003,controlled,0.8054882392287255,20532,0.0,1.0,this-work,0.9,1575,0,db33fcef2ac137db438c11075fc66a186155921d689e48b39d4619925563278d,8.0,unitscope-lambda-sweep,user_macro_accuracy,0.2029119318181818,9.214933748786253,41005,1.0,50,25600,0.18506550003075972,0.5,0.9999999952316284,0.32334650203585624,0.3714453125,325,,85e2c0f67dd26b6eb06bd8a9d1355cd162f47ba512379568bb155acfe11a2c54,user-certified,512.0,0.7499503722084367,0.7499519138295826,0.75,0.37493989806712186,0.5,0.5,0.5,25600,0.9999999988079071,0.5426125831902027,0.6285546875,223a00b70fd7f78b1f9714ef060bec19fadbf40f084f27d53f6d720060da1c26,0.2023828186236087,custom,31005,1,31001,1.0,31002,0.2029119318181818,True,14.723882799968123,0.5,0.75
6,1.0,1,0.005844454602125971,plan-c,1.0,0.9999999928474427,primary,0,be091665d37cce051854e90b780b9cc155ede46d982ab6e7d3ec915d44531004,9661,femnist,1e-05,10.095677300036186,25600,1575,0.3773828125,4.0,31003,controlled,0.906462380439043,7354,0.0,1.0,this-work,1.0,0,0,db33fcef2ac137db438c11075fc66a186155921d689e48b39d4619925563278d,8.0,handle-only-drop-residual,user_macro_accuracy,0.11982954545454545,9.214933748786253,61005,1.0,50,9661,0.0674892999813892,0.5,0.9999999928474427,0.3666055445373058,0.3773828125,325,,85e2c0f67dd26b6eb06bd8a9d1355cd162f47ba512379568bb155acfe11a2c54,user-certified,512.0,0.7499503722084367,0.7499519138295826,0.75,0.37493989806712186,0.5,0.5,0.5,25600,0.0,0.5971366988122463,0.0,22adfe347ecd7ec3cde157d6bd4f8462a894191bfcd968107dba9019810944bc,0.11992475309609657,custom,31007,3,31001,1.0,31002,0.11982954545454545,True,14.762372499986668,0.5,0.75
6,1.0,1,0.005500484132484737,plan-c,1.0,0.9999999928474427,diagnostic,0,be091665d37cce051854e90b780b9cc155ede46d982ab6e7d3ec915d44531004,25600,femnist,1e-05,0.0,0,0,1.0,4.0,31003,controlled,0.8946143442392349,20583,0.0,1.0,this-work,0.9,1575,0,db33fcef2ac137db438c11075fc66a186155921d689e48b39d4619925563278d,8.0,unitscope-lambda-sweep,user_macro_accuracy,0.2893465909090909,9.214933748786253,71005,1.0,50,25600,0.0672113999753492,0.5,0.9999999940395355,0.3593472223728895,0.376875,325,,85e2c0f67dd26b6eb06bd8a9d1355cd162f47ba512379568bb155acfe11a2c54,user-certified,512.0,0.7499503722084367,0.7499519138295826,0.75,0.37493989806712186,0.5,0.5,0.5,25600,0.9999999988079071,0.6034662497043609,0.623125,4056bb6eb7e8dc5e645dff879a5645161e470a073407e9a93e4586a2acf075e5,0.2897005800282176,custom,31008,4,31001,1.0,31002,0.2893465909090909,True,14.679766800021753,0.5,0.75
6,1.0,1,0.005324154798788654,plan-c,1.0,0.9999999988079071,diagnostic,0,be091665d37cce051854e90b780b9cc155ede46d982ab6e7d3ec915d44531004,25600,femnist,1e-05,0.0,0,0,1.0,4.0,31003,controlled,0.6647073785960674,20622,0.0,1.0,this-work,0.9,1575,0,db33fcef2ac137db438c11075fc66a186155921d689e48b39d4619925563278d,8.0,unitscope-lambda-sweep,user_macro_accuracy,0.2437215909090909,9.214933748786253,31005,1.0,50,25600,0.06567859995993786,0.5,0.9999999940395355,0.26187392946332694,0.3773046875,325,,85e2c0f67dd26b6eb06bd8a9d1355cd162f47ba512379568bb155acfe11a2c54,user-certified,512.0,0.7499503722084367,0.7499519138295826,0.75,0.37493989806712186,0.5,0.5,0.5,25600,0.9999999976158143,0.4526299099624157,0.6226953125,5119c684dc78835a85d6426c964325ed2c71a6eea8108ebc078252770bdc6da3,0.2439253801536291,custom,31004,0,31001,1.0,31002,0.2437215909090909,True,14.692194100047345,0.5,0.75
6,1.0,1,0.005954650488075164,plan-c,1.0,0.9999999940395355,primary,0,be091665d37cce051854e90b780b9cc155ede46d982ab6e7d3ec915d44531004,9648,femnist,1e-05,9.999649599878467,25600,1575,0.376875,4.0,31003,controlled,0.8994632372260094,7346,0.0,1.0,this-work,1.0,0,0,db33fcef2ac137db438c11075fc66a186155921d689e48b39d4619925563278d,8.0,handle-only-drop-residual,user_macro_accuracy,0.3002840909090909,9.214933748786253,71005,1.0,50,9648,0.06706690005376004,0.5,0.9999999940395355,0.357382419295609,0.376875,325,,85e2c0f67dd26b6eb06bd8a9d1355cd162f47ba512379568bb155acfe11a2c54,user-certified,512.0,0.7499503722084367,0.7499519138295826,0.75,0.37493989806712186,0.5,0.5,0.5,25600,0.0,0.6102712893486023,0.0,5f526ad6cc2267026181eee0c7a654df6399c076f8b4b2a8649ea7a00d8ee74f,0.30067408684746827,custom,31008,4,31001,1.0,31002,0.3002840909090909,True,14.496915700059617,0.5,0.75
6,1.0,1,0.005360247782972965,plan-c,1.0,0.9999999952316284,diagnostic,0,be091665d37cce051854e90b780b9cc155ede46d982ab6e7d3ec915d44531004,25600,femnist,1e-05,0.0,0,0,1.0,4.0,31003,controlled,0.9060061363875866,20587,0.0,1.0,this-work,0.9,1575,0,db33fcef2ac137db438c11075fc66a186155921d689e48b39d4619925563278d,8.0,unitscope-lambda-sweep,user_macro_accuracy,0.11920454545454545,9.214933748786253,61005,1.0,50,25600,0.06644260000030044,0.5,0.9999999928474427,0.3686578018963337,0.3773828125,325,,85e2c0f67dd26b6eb06bd8a9d1355cd162f47ba512379568bb155acfe11a2c54,user-certified,512.0,0.7499503722084367,0.7499519138295826,0.75,0.37493989806712186,0.5,0.5,0.5,25600,0.9999999952316284,0.5946812097728252,0.6226171875,abb60e8dd8955483362573789783ea46beb2cc068e744270fb1f0045d380903c,0.11929769556356795,custom,31007,3,31001,1.0,31002,0.11920454545454545,True,14.730150699993828,0.5,0.75
6,1.0,1,0.006135874330150253,plan-c,1.0,0.9999999952316284,primary,0,be091665d37cce051854e90b780b9cc155ede46d982ab6e7d3ec915d44531004,9509,femnist,1e-05,10.05195859997184,25600,1575,0.3714453125,4.0,31003,controlled,0.8010987132787705,7284,0.0,1.0,this-work,1.0,0,0,db33fcef2ac137db438c11075fc66a186155921d689e48b39d4619925563278d,8.0,handle-only-drop-residual,user_macro_accuracy,0.2044744318181818,9.214933748786253,41005,1.0,50,9509,0.06607620004797354,0.5,0.9999999952316284,0.3200325368717313,0.3714453125,325,,85e2c0f67dd26b6eb06bd8a9d1355cd162f47ba512379568bb155acfe11a2c54,user-certified,512.0,0.7499503722084367,0.7499519138295826,0.75,0.37493989806712186,0.5,0.5,0.5,25600,0.0,0.5412143221497536,0.0,ad983910f49326bfd4de2b90dacf633d6d60c8d2f2d1ce02274ec22a9a2b9784,0.20395046245493023,custom,31005,1,31001,1.0,31002,0.2044744318181818,True,14.502112799978931,0.5,0.75
6,1.0,1,0.005794249291418919,plan-c,1.0,0.9999999940395355,primary,0,be091665d37cce051854e90b780b9cc155ede46d982ab6e7d3ec915d44531004,9659,femnist,1e-05,9.98042760003591,25600,1575,0.3773046875,4.0,31003,controlled,0.659077322781086,7352,0.0,1.0,this-work,1.0,0,0,db33fcef2ac137db438c11075fc66a186155921d689e48b39d4619925563278d,8.0,handle-only-drop-residual,user_macro_accuracy,0.2535653409090909,9.214933748786253,31005,1.0,50,9659,0.06881940003950149,0.5,0.9999999940395355,0.25859138209372756,0.3773046875,325,,85e2c0f67dd26b6eb06bd8a9d1355cd162f47ba512379568bb155acfe11a2c54,user-certified,512.0,0.7499503722084367,0.7499519138295826,0.75,0.37493989806712186,0.5,0.5,0.5,25600,0.0,0.4507178953289986,0.0,d5924d83df5ebefce39aba10a8e60680ab34cc699c53893be1942f08baffe9ba,0.2538015362909547,custom,31004,0,31001,1.0,31002,0.2535653409090909,True,16.505768599934527,0.5,0.75
6,1.0,1,0.005373818875298698,plan-c,1.0,0.9999999952316284,diagnostic,0,be091665d37cce051854e90b780b9cc155ede46d982ab6e7d3ec915d44531004,25600,femnist,1e-05,0.0,0,0,1.0,4.0,31003,controlled,0.7176935890316963,20457,0.0,1.0,this-work,0.9,1575,0,db33fcef2ac137db438c11075fc66a186155921d689e48b39d4619925563278d,8.0,unitscope-lambda-sweep,user_macro_accuracy,0.22183238636363636,9.214933748786253,51005,1.0,50,25600,0.06809580000117421,0.5,0.9999999940395355,0.29266327872872355,0.3814453125,325,,85e2c0f67dd26b6eb06bd8a9d1355cd162f47ba512379568bb155acfe11a2c54,user-certified,512.0,0.7499503722084367,0.7499519138295826,0.75,0.37493989806712186,0.5,0.5,0.5,25600,0.9999999988079071,0.48357129856944087,0.6185546875,e941011203912d650efed3cb26977f470e450440902bdebbe256d8ae75f01840,0.22166483774886345,custom,31006,2,31001,1.0,31002,0.22183238636363636,True,14.846472999997786,0.5,0.75
6,1.0,1,0.004046975605387034,plan-c,1.0,0.999999989271164,primary,0,dbf1e214650edec304936dcdc11d2c03bd28b1a19d5960dc2c9e07d800fa506f,4790,femnist,1e-05,10.340299899980891,25600,1657,0.187109375,4.0,31003,controlled,0.8275356273353099,4384,0.0,1.0,this-work,1.0,0,0,9a76d56a58128bf880302a99af7fe45f9a7c2ae3649c4db52f76432c88548b2f,23.99590163934426,handle-only-drop-residual,user_macro_accuracy,0.2044744318181818,9.214933748786253,31005,1.0,50,4790,0.06605970002419781,0.5,0.999999989271164,0.16478116746991872,0.187109375,488,,85e2c0f67dd26b6eb06bd8a9d1355cd162f47ba512379568bb155acfe11a2c54,user-certified,512.0,0.25003305129561076,0.25003202254387086,0.25,0.18771035676507355,0.7507692307692307,0.75,0.5,25600,0.0,0.7052705153822899,0.0,1906b13645cf6dc045d82978138a13e4608410afabe1d4c8af9293073d3a640c,0.20395046245493023,custom,31004,0,31001,1.0,31002,0.2044744318181818,True,17.070270899988827,0.75,0.25
6,1.0,1,0.003929005258578013,plan-c,1.0,0.9999999749660492,diagnostic,0,dbf1e214650edec304936dcdc11d2c03bd28b1a19d5960dc2c9e07d800fa506f,25600,femnist,1e-05,0.0,0,0,1.0,4.0,31003,controlled,0.9941524307429791,21837,0.0,1.0,this-work,0.9,1657,0,9a76d56a58128bf880302a99af7fe45f9a7c2ae3649c4db52f76432c88548b2f,23.99590163934426,unitscope-lambda-sweep,user_macro_accuracy,0.11451704545454545,9.214933748786253,61005,1.0,50,25600,0.06846070000028703,0.5,0.9999999928474427,0.22467444349080323,0.1898046875,488,,85e2c0f67dd26b6eb06bd8a9d1355cd162f47ba512379568bb155acfe11a2c54,user-certified,512.0,0.25003305129561076,0.25003202254387086,0.25,0.18771035676507355,0.7507692307692307,0.75,0.5,25600,0.9999999964237213,0.8257695293426514,0.8101953125,306eb551821ed10a75105fd1061c31f475777bf5f7169c4b8b81ad4c0ead82bb,0.11459476406960338,custom,31007,3,31001,1.0,31002,0.11451704545454545,True,15.704102700008661,0.75,0.25
6,1.0,1,0.004138773406219444,plan-c,1.0,0.9999999880790711,primary,0,dbf1e214650edec304936dcdc11d2c03bd28b1a19d5960dc2c9e07d800fa506f,4844,femnist,1e-05,10.846074199973373,25600,1657,0.18921875,4.0,31003,controlled,0.7578855875134468,4426,0.0,1.0,this-work,1.0,0,0,9a76d56a58128bf880302a99af7fe45f9a7c2ae3649c4db52f76432c88548b2f,23.99590163934426,handle-only-drop-residual,user_macro_accuracy,0.1909090909090909,9.214933748786253,51005,1.0,50,4844,0.07028379998519085,0.5,0.9999999880790711,0.17760934341698886,0.18921875,488,,85e2c0f67dd26b6eb06bd8a9d1355cd162f47ba512379568bb155acfe11a2c54,user-certified,512.0,0.25003305129561076,0.25003202254387086,0.25,0.18771035676507355,0.7507692307692307,0.75,0.5,25600,0.0,0.6297035379707814,0.0,399c8110fe6d1832f0cfae0b8df28287eb36e0be98efac250e6c2dea7420829c,0.1909390186549616,custom,31006,2,31001,1.0,31002,0.1909090909090909,True,15.511357100040186,0.75,0.25
6,1.0,1,0.0037537039107118342,plan-c,1.0,0.9999999809265137,diagnostic,0,dbf1e214650edec304936dcdc11d2c03bd28b1a19d5960dc2c9e07d800fa506f,25600,femnist,1e-05,0.0,0,0,1.0,4.0,31003,controlled,0.9179788222908973,21823,0.0,1.0,this-work,0.9,1657,0,9a76d56a58128bf880302a99af7fe45f9a7c2ae3649c4db52f76432c88548b2f,23.99590163934426,unitscope-lambda-sweep,user_macro_accuracy,0.16186079545454546,9.214933748786253,71005,1.0,50,25600,0.06864470000436995,0.5,0.9999999868869781,0.20850916493684055,0.1841015625,488,,85e2c0f67dd26b6eb06bd8a9d1355cd162f47ba512379568bb155acfe11a2c54,user-certified,512.0,0.25003305129561076,0.25003202254387086,0.25,0.18771035676507355,0.7507692307692307,0.75,0.5,25600,0.9999999964237213,0.7714701464772225,0.8158984375,61ffbe89b42c216c171923ed53592823fdc863a6974bd7ed01b812c5401e9800,0.16209437215864556,custom,31008,4,31001,1.0,31002,0.16186079545454546,True,15.600567599991336,0.75,0.25
6,1.0,1,0.003781691761928495,plan-c,1.0,0.9999999868869781,diagnostic,0,dbf1e214650edec304936dcdc11d2c03bd28b1a19d5960dc2c9e07d800fa506f,25600,femnist,1e-05,0.0,0,0,1.0,4.0,31003,controlled,0.9125265768170356,21715,0.0,1.0,this-work,0.9,1657,0,9a76d56a58128bf880302a99af7fe45f9a7c2ae3649c4db52f76432c88548b2f,23.99590163934426,unitscope-lambda-sweep,user_macro_accuracy,0.1799431818181818,9.214933748786253,41005,1.0,50,25600,0.07023899990599602,0.5,0.9999999880790711,0.19270053267478943,0.1843359375,488,,85e2c0f67dd26b6eb06bd8a9d1355cd162f47ba512379568bb155acfe11a2c54,user-certified,512.0,0.25003305129561076,0.25003202254387086,0.25,0.18771035676507355,0.7507692307692307,0.75,0.5,25600,0.9999999964237213,0.7669219298660755,0.8156640625,94cf4dac62ce66e842ce0269a194fdaf1e103967046856ab12a41ae179804053,0.17933845430318232,custom,31005,1,31001,1.0,31002,0.1799431818181818,True,15.646078400095575,0.75,0.25
6,1.0,1,0.004035204328954226,plan-c,1.0,0.9999999868869781,primary,0,dbf1e214650edec304936dcdc11d2c03bd28b1a19d5960dc2c9e07d800fa506f,4713,femnist,1e-05,10.828654399942025,25600,1657,0.1841015625,4.0,31003,controlled,0.9126863472163678,4323,0.0,1.0,this-work,1.0,0,0,9a76d56a58128bf880302a99af7fe45f9a7c2ae3649c4db52f76432c88548b2f,23.99590163934426,handle-only-drop-residual,user_macro_accuracy,0.16342329545454548,9.214933748786253,71005,1.0,50,4713,0.06768070001271553,0.5,0.9999999868869781,0.20545334234833718,0.1841015625,488,,85e2c0f67dd26b6eb06bd8a9d1355cd162f47ba512379568bb155acfe11a2c54,user-certified,512.0,0.25003305129561076,0.25003202254387086,0.25,0.18771035676507355,0.7507692307692307,0.75,0.5,25600,0.0,0.7689487406611443,0.0,bea205f87abf9e1c9c30d5efb7e7e53eb2ca2c0c86045a8dd98c5fb2264bccf0,0.16366201598996707,custom,31008,4,31001,1.0,31002,0.16342329545454548,True,15.419642900043982,0.75,0.25
6,1.0,1,0.004035641534832306,plan-c,1.0,0.9999999880790711,primary,0,dbf1e214650edec304936dcdc11d2c03bd28b1a19d5960dc2c9e07d800fa506f,4719,femnist,1e-05,10.960763900031452,25600,1657,0.1843359375,4.0,31003,controlled,0.9040369647741318,4340,0.0,1.0,this-work,1.0,0,0,9a76d56a58128bf880302a99af7fe45f9a7c2ae3649c4db52f76432c88548b2f,23.99590163934426,handle-only-drop-residual,user_macro_accuracy,0.1816619318181818,9.214933748786253,41005,1.0,50,4719,0.06835689989384264,0.5,0.9999999880790711,0.18904287176206708,0.1843359375,488,,85e2c0f67dd26b6eb06bd8a9d1355cd162f47ba512379568bb155acfe11a2c54,user-certified,512.0,0.25003305129561076,0.25003202254387086,0.25,0.18771035676507355,0.7507692307692307,0.75,0.5,25600,0.0,0.7614896610379219,0.0,c4febf28bf439c6932581e5fc9473eabd720ab9487dfcdf4c67aa5bc613449cc,0.18106286251763598,custom,31005,1,31001,1.0,31002,0.1816619318181818,True,15.5098315000796,0.75,0.25
6,1.0,1,0.0038394040153716565,plan-c,1.0,0.9999999809265137,diagnostic,0,dbf1e214650edec304936dcdc11d2c03bd28b1a19d5960dc2c9e07d800fa506f,25600,femnist,1e-05,0.0,0,0,1.0,4.0,31003,controlled,0.7590152239799499,21680,0.0,1.0,this-work,0.9,1657,0,9a76d56a58128bf880302a99af7fe45f9a7c2ae3649c4db52f76432c88548b2f,23.99590163934426,unitscope-lambda-sweep,user_macro_accuracy,0.1874715909090909,9.214933748786253,51005,1.0,50,25600,0.06737349994364195,0.5,0.9999999880790711,0.1799378130957484,0.18921875,488,,85e2c0f67dd26b6eb06bd8a9d1355cd162f47ba512379568bb155acfe11a2c54,user-certified,512.0,0.25003305129561076,0.25003202254387086,0.25,0.18771035676507355,0.7507692307692307,0.75,0.5,25600,0.9999999952316284,0.6292765171825886,0.81078125,d0c4c6bded96d13f8839c8090d0b04f032826a1a1d7495c1cdf829bc74b9cff8,0.18749020222605425,custom,31006,2,31001,1.0,31002,0.1874715909090909,True,15.575826800064533,0.75,0.25
6,1.0,1,0.0042258638417767705,plan-c,1.0,0.9999999928474427,primary,0,dbf1e214650edec304936dcdc11d2c03bd28b1a19d5960dc2c9e07d800fa506f,4859,femnist,1e-05,10.875260099986917,25600,1657,0.1898046875,4.0,31003,controlled,0.9864656916260719,4436,0.0,1.0,this-work,1.0,0,0,9a76d56a58128bf880302a99af7fe45f9a7c2ae3649c4db52f76432c88548b2f,23.99590163934426,handle-only-drop-residual,user_macro_accuracy,0.11217329545454545,9.214933748786253,61005,1.0,50,4859,0.1758163999475073,0.5,0.9999999928474427,0.22050358206033707,0.1898046875,488,,85e2c0f67dd26b6eb06bd8a9d1355cd162f47ba512379568bb155acfe11a2c54,user-certified,512.0,0.25003305129561076,0.25003202254387086,0.25,0.18771035676507355,0.7507692307692307,0.75,0.5,25600,0.0,0.8218064473569393,0.0,d8d8487d6f9b6fffb6cee8f89994512cceb6c605a36304174f4cdd2967a3eb38,0.1122432983226211,custom,31007,3,31001,1.0,31002,0.11217329545454545,True,15.539605300073163,0.75,0.25
6,1.0,1,0.0037804303041775776,plan-c,1.0,0.9999999856948852,diagnostic,0,dbf1e214650edec304936dcdc11d2c03bd28b1a19d5960dc2c9e07d800fa506f,25600,femnist,1e-05,0.0,0,0,1.0,4.0,31003,controlled,0.8270548625290394,21813,0.0,1.0,this-work,0.9,1657,0,9a76d56a58128bf880302a99af7fe45f9a7c2ae3649c4db52f76432c88548b2f,23.99590163934426,unitscope-lambda-sweep,user_macro_accuracy,0.2032244318181818,9.214933748786253,31005,1.0,50,25600,0.07313480002630968,0.5,0.999999989271164,0.16691016767174005,0.187109375,488,,85e2c0f67dd26b6eb06bd8a9d1355cd162f47ba512379568bb155acfe11a2c54,user-certified,512.0,0.25003305129561076,0.25003202254387086,0.25,0.18771035676507355,0.7507692307692307,0.75,0.5,25600,0.9999999976158143,0.7031227241456509,0.812890625,e58ab925c5937a55ae04d21e4d69b071341332ad23c917d8b8037a7a514c9ad5,0.20269634738987302,custom,31004,0,31001,1.0,31002,0.2032244318181818,True,16.239296599975205,0.75,0.25
6,1.0,1,0.005962027706578794,plan-c,1.0,0.999999989271164,primary,0,2785639e62934c4e98fc55cfd0b4e4901193afb87ab31e5a453f894622b9725d,9638,femnist,1e-05,11.090048799931537,25600,1655,0.376484375,4.0,31003,controlled,0.8968629945814609,8043,0.0,1.0,this-work,1.0,0,0,c4f5b6a22608e68fca4e7d6867dba37b5b6ade52a4f55528d372cbfc07d52b2c,15.995901639344263,handle-only-drop-residual,user_macro_accuracy,0.11107954545454544,9.214933748786253,61005,1.0,50,9638,0.07393230005982332,0.5,0.999999989271164,0.3626800335198641,0.376484375,488,,85e2c0f67dd26b6eb06bd8a9d1355cd162f47ba512379568bb155acfe11a2c54,user-certified,512.0,0.5000661025912215,0.5000640450877417,0.5,0.3754207135301471,0.7507692307692307,0.75,0.5,25600,0.0,0.59932766251266,0.0,082dcf8257f943f1a1598e1901aa75f812477cd83fbcd76422520258f7cc19d5,0.11114594764069603,custom,31007,3,31001,1.0,31002,0.11107954545454544,True,15.902833900006954,0.75,0.5
6,1.0,1,0.005797309878182309,plan-c,1.0,0.9999999880790711,diagnostic,0,2785639e62934c4e98fc55cfd0b4e4901193afb87ab31e5a453f894622b9725d,25600,femnist,1e-05,0.0,0,0,1.0,4.0,31003,controlled,0.8265119680762291,21783,0.0,1.0,this-work,0.9,1655,0,c4f5b6a22608e68fca4e7d6867dba37b5b6ade52a4f55528d372cbfc07d52b2c,15.995901639344263,unitscope-lambda-sweep,user_macro_accuracy,0.2222869318181818,9.214933748786253,41005,1.0,50,25600,0.07344049995299429,0.5,0.9999999976158143,0.3258981969580054,0.37109375,488,,85e2c0f67dd26b6eb06bd8a9d1355cd162f47ba512379568bb155acfe11a2c54,user-certified,512.0,0.5000661025912215,0.5000640450877417,0.5,0.3754207135301471,0.7507692307692307,0.75,0.5,25600,0.9999999988079071,0.5686400087177753,0.62890625,457c4669f4c4f24d89a28565d6f838b480d7250fac0d629c7afae53287f3af94,0.22182160213199562,custom,31005,1,31001,1.0,31002,0.2222869318181818,True,16.013187800053856,0.75,0.5
6,1.0,1,0.0054842504205686905,plan-c,1.0,0.9999999821186065,diagnostic,0,2785639e62934c4e98fc55cfd0b4e4901193afb87ab31e5a453f894622b9725d,25600,femnist,1e-05,0.0,0,0,1.0,4.0,31003,controlled,0.8965209233760834,21810,0.0,1.0,this-work,0.9,1655,0,c4f5b6a22608e68fca4e7d6867dba37b5b6ade52a4f55528d372cbfc07d52b2c,15.995901639344263,unitscope-lambda-sweep,user_macro_accuracy,0.11186079545454546,9.214933748786253,61005,1.0,50,25600,0.0736538000201108,0.5,0.999999989271164,0.3649063302576542,0.376484375,488,,85e2c0f67dd26b6eb06bd8a9d1355cd162f47ba512379568bb155acfe11a2c54,user-certified,512.0,0.5000661025912215,0.5000640450877417,0.5,0.3754207135301471,0.7507692307692307,0.75,0.5,25600,0.9999999964237213,0.5962880390882492,0.623515625,79265772a63b7c8979a6017db3a44304092ae50356564ac4308a53339ad3cbe2,0.11192976955635679,custom,31007,3,31001,1.0,31002,0.11186079545454546,True,15.738745399969048,0.75,0.5
6,1.0,1,0.006304364572143042,plan-c,1.0,0.9999999976158143,primary,0,2785639e62934c4e98fc55cfd0b4e4901193afb87ab31e5a453f894622b9725d,9500,femnist,1e-05,10.964661099933437,25600,1655,0.37109375,4.0,31003,controlled,0.8235896483063698,7962,0.0,1.0,this-work,1.0,0,0,c4f5b6a22608e68fca4e7d6867dba37b5b6ade52a4f55528d372cbfc07d52b2c,15.995901639344263,handle-only-drop-residual,user_macro_accuracy,0.2308806818181818,9.214933748786253,41005,1.0,50,9500,0.07310529999085702,0.5,0.9999999976158143,0.323041606657207,0.37109375,488,,85e2c0f67dd26b6eb06bd8a9d1355cd162f47ba512379568bb155acfe11a2c54,user-certified,512.0,0.5000661025912215,0.5000640450877417,0.5,0.3754207135301471,0.7507692307692307,0.75,0.5,25600,0.0,0.5685775442421437,0.0,8a5af17a01bedec657e624b0c07a526fb9123533538c14a9d2b48350887041ef,0.230443643204264,custom,31005,1,31001,1.0,31002,0.2308806818181818,True,16.009038600081112,0.75,0.5
6,1.0,1,0.005490778404585799,plan-c,1.0,0.9999999833106995,diagnostic,0,2785639e62934c4e98fc55cfd0b4e4901193afb87ab31e5a453f894622b9725d,25600,femnist,1e-05,0.0,0,0,1.0,4.0,31003,controlled,0.6830166478455066,21842,0.0,1.0,this-work,0.9,1655,0,c4f5b6a22608e68fca4e7d6867dba37b5b6ade52a4f55528d372cbfc07d52b2c,15.995901639344263,unitscope-lambda-sweep,user_macro_accuracy,0.2726278409090909,9.214933748786253,31005,1.0,50,25600,0.07692850007151719,0.5,0.9999999856948852,0.26238272707909344,0.3777734375,488,,85e2c0f67dd26b6eb06bd8a9d1355cd162f47ba512379568bb155acfe11a2c54,user-certified,512.0,0.5000661025912215,0.5000640450877417,0.5,0.3754207135301471,0.7507692307692307,0.75,0.5,25600,0.9999999964237213,0.47667699232697486,0.6222265625,a611ca03009e086db263c620e846aea9366d1b63655ef3ef3e73c605128ef1cb,0.27292679103307727,custom,31004,0,31001,1.0,31002,0.2726278409090909,True,16.05282409992651,0.75,0.5
6,1.0,1,0.005726254189837835,plan-c,1.0,0.9999999821186065,diagnostic,0,2785639e62934c4e98fc55cfd0b4e4901193afb87ab31e5a453f894622b9725d,25600,femnist,1e-05,0.0,0,0,1.0,4.0,31003,controlled,0.8858091793954372,21805,0.0,1.0,this-work,0.9,1655,0,c4f5b6a22608e68fca4e7d6867dba37b5b6ade52a4f55528d372cbfc07d52b2c,15.995901639344263,unitscope-lambda-sweep,user_macro_accuracy,0.2834090909090909,9.214933748786253,71005,1.0,50,25600,0.07286750002822373,0.5,0.9999999916553497,0.35871410366147755,0.373046875,488,,85e2c0f67dd26b6eb06bd8a9d1355cd162f47ba512379568bb155acfe11a2c54,user-certified,512.0,0.5000661025912215,0.5000640450877417,0.5,0.3754207135301471,0.7507692307692307,0.75,0.5,25600,0.9999999976158143,0.6006827411055565,0.626953125,a6f90c808846bb39c6baa6eaab1f05e46c43c5bd2c1d0f90bf3ed7ae4ca9a37a,0.2837435334691958,custom,31008,4,31001,1.0,31002,0.2834090909090909,True,15.934456499962835,0.75,0.5
6,1.0,1,0.005964246094951714,plan-c,1.0,0.9999999856948852,primary,0,2785639e62934c4e98fc55cfd0b4e4901193afb87ab31e5a453f894622b9725d,9671,femnist,1e-05,10.407699400064303,25600,1655,0.3777734375,4.0,31003,controlled,0.6795239533483982,8106,0.0,1.0,this-work,1.0,0,0,c4f5b6a22608e68fca4e7d6867dba37b5b6ade52a4f55528d372cbfc07d52b2c,15.995901639344263,handle-only-drop-residual,user_macro_accuracy,0.2846590909090909,9.214933748786253,31005,1.0,50,9671,0.07114619995991234,0.5,0.9999999856948852,0.2593829711154103,0.3777734375,488,,85e2c0f67dd26b6eb06bd8a9d1355cd162f47ba512379568bb155acfe11a2c54,user-certified,512.0,0.5000661025912215,0.5000640450877417,0.5,0.3754207135301471,0.7507692307692307,0.75,0.5,25600,0.0,0.47678949058055875,0.0,ad06484314e6ca489f025a2f2a4f1a17d9372f6aaba918217421913b1c724b34,0.284997648534253,custom,31004,0,31001,1.0,31002,0.2846590909090909,True,17.17202889996406,0.75,0.5
6,1.0,1,0.006317184897253472,plan-c,1.0,0.9999999904632568,primary,0,2785639e62934c4e98fc55cfd0b4e4901193afb87ab31e5a453f894622b9725d,9641,femnist,1e-05,11.039624800003367,25600,1655,0.3766015625,4.0,31003,controlled,0.7183219216763973,8061,0.0,1.0,this-work,1.0,0,0,c4f5b6a22608e68fca4e7d6867dba37b5b6ade52a4f55528d372cbfc07d52b2c,15.995901639344263,handle-only-drop-residual,user_macro_accuracy,0.2537215909090909,9.214933748786253,51005,1.0,50,9641,0.07144520001020283,0.5,0.9999999904632568,0.30208631433546546,0.3766015625,488,,85e2c0f67dd26b6eb06bd8a9d1355cd162f47ba512379568bb155acfe11a2c54,user-certified,512.0,0.5000661025912215,0.5000640450877417,0.5,0.3754207135301471,0.7507692307692307,0.75,0.5,25600,0.0,0.4777447313070297,0.0,c05e06903b3315c841e19a0aba07bb684de81d585dfe1ce9be32a0604973e18e,0.25395830067408687,custom,31006,2,31001,1.0,31002,0.2537215909090909,True,15.798598999987007,0.75,0.5
6,1.0,1,0.006245766545872452,plan-c,1.0,0.9999999916553497,primary,0,2785639e62934c4e98fc55cfd0b4e4901193afb87ab31e5a453f894622b9725d,9550,femnist,1e-05,10.85390799997549,25600,1655,0.373046875,4.0,31003,controlled,0.9006469301879406,7986,0.0,1.0,this-work,1.0,0,0,c4f5b6a22608e68fca4e7d6867dba37b5b6ade52a4f55528d372cbfc07d52b2c,15.995901639344263,handle-only-drop-residual,user_macro_accuracy,0.3012357954545455,9.214933748786253,71005,1.0,50,9550,0.07379130006302148,0.5,0.9999999916553497,0.36044418733567,0.373046875,488,,85e2c0f67dd26b6eb06bd8a9d1355cd162f47ba512379568bb155acfe11a2c54,user-certified,512.0,0.5000661025912215,0.5000640450877417,0.5,0.3754207135301471,0.7507692307692307,0.75,0.5,25600,0.0,0.6136036904156208,0.0,cf38b9eb6b5d3c0eb110b3e578b8bff934bbed935ec46498cac831296f98ef83,0.30192820191252545,custom,31008,4,31001,1.0,31002,0.3012357954545455,True,15.872648199961986,0.75,0.5
6,1.0,1,0.0057761805003029385,plan-c,1.0,0.9999999797344208,diagnostic,0,2785639e62934c4e98fc55cfd0b4e4901193afb87ab31e5a453f894622b9725d,25600,femnist,1e-05,0.0,0,0,1.0,4.0,31003,controlled,0.714037471562624,21790,0.0,1.0,this-work,0.9,1655,0,c4f5b6a22608e68fca4e7d6867dba37b5b6ade52a4f55528d372cbfc07d52b2c,15.995901639344263,unitscope-lambda-sweep,user_macro_accuracy,0.2312215909090909,9.214933748786253,51005,1.0,50,25600,0.07094039999356028,0.5,0.9999999904632568,0.3031100847572088,0.3766015625,488,,85e2c0f67dd26b6eb06bd8a9d1355cd162f47ba512379568bb155acfe11a2c54,user-certified,512.0,0.5000661025912215,0.5000640450877417,0.5,0.3754207135301471,0.7507692307692307,0.75,0.5,25600,0.9999999952316284,0.4720408381521702,0.6233984375,dbf6a90e52d7f7fb58caf91edb70fe928a1d9a2c1f3ec9beff4538393350831e,0.2313842295030569,custom,31006,2,31001,1.0,31002,0.2312215909090909,True,15.7474813000008,0.75,0.5
6,1.0,1,0.008353842686647317,plan-c,1.0,0.9999999833106995,primary,0,f516993949b7a9c078676c03ed70fe0c8e45cc2d2e697c0b6ed06e5d73b7fdd6,14405,femnist,1e-05,10.755822500039358,25600,1554,0.5626953125,4.0,31003,controlled,0.9938392679393292,10998,0.0,1.0,this-work,1.0,0,0,2805b0c3db24b626e565a6cbaaf832b1e865d3eaf39ceecd425d0695e3f6c4e9,8.0,handle-only-drop-residual,user_macro_accuracy,0.37106534090909093,9.214933748786253,71005,1.0,50,14405,0.07221089997619856,0.5,0.9999999833106995,0.5683218024671077,0.5626953125,488,,85e2c0f67dd26b6eb06bd8a9d1355cd162f47ba512379568bb155acfe11a2c54,user-certified,512.0,0.7499669487043893,0.7499679774561291,0.75,0.5630349072026156,0.7507692307692307,0.75,0.5,25600,0.0,0.49924983099102976,0.0,09f15fb1acd300a425db965be34e2ca94600bfdd49c36892000d2e15ec929df3,0.3716883524063333,custom,31008,4,31001,1.0,31002,0.37106534090909093,True,15.618725299995276,0.75,0.75
6,1.0,1,0.00802919077402101,plan-c,1.0,0.9999999797344208,primary,0,f516993949b7a9c078676c03ed70fe0c8e45cc2d2e697c0b6ed06e5d73b7fdd6,14500,femnist,1e-05,11.022115800020401,25600,1554,0.56640625,4.0,31003,controlled,0.9695891338586807,11049,0.0,1.0,this-work,1.0,0,0,2805b0c3db24b626e565a6cbaaf832b1e865d3eaf39ceecd425d0695e3f6c4e9,8.0,handle-only-drop-residual,user_macro_accuracy,0.16545454545454547,9.214933748786253,61005,1.0,50,14500,0.07101250006235205,0.5,0.9999999797344208,0.5603747152537107,0.56640625,488,,85e2c0f67dd26b6eb06bd8a9d1355cd162f47ba512379568bb155acfe11a2c54,user-certified,512.0,0.7499669487043893,0.7499679774561291,0.75,0.5630349072026156,0.7507692307692307,0.75,0.5,25600,0.0,0.4807927085459232,0.0,4bd486a18e3874019070a4664ee7c83c4ac143447cf3dbda72e9fa6da0dfba9f,0.16569995297068507,custom,31007,3,31001,1.0,31002,0.16545454545454547,True,15.848486299917568,0.75,0.75
6,1.0,1,0.007234641681994213,plan-c,1.0,0.9999999952316284,diagnostic,0,f516993949b7a9c078676c03ed70fe0c8e45cc2d2e697c0b6ed06e5d73b7fdd6,25600,femnist,1e-05,0.0,0,0,1.0,4.0,31003,controlled,0.9524078047275544,20713,0.0,1.0,this-work,0.9,1554,0,2805b0c3db24b626e565a6cbaaf832b1e865d3eaf39ceecd425d0695e3f6c4e9,8.0,unitscope-lambda-sweep,user_macro_accuracy,0.14311079545454544,9.214933748786253,61005,1.0,50,25600,0.06993049998709466,0.5,0.9999999797344208,0.5544631237536669,0.56640625,488,,85e2c0f67dd26b6eb06bd8a9d1355cd162f47ba512379568bb155acfe11a2c54,user-certified,512.0,0.7499669487043893,0.7499679774561291,0.75,0.5630349072026156,0.7507692307692307,0.75,0.5,25600,0.9999999940395355,0.47041305996477606,0.43359375,4f0143b3e69f63cc03f28d0d1a4feaa56ac34aa280510466d8bb26ed3ded070c,0.14328264618278727,custom,31007,3,31001,1.0,31002,0.14311079545454544,True,15.516735000011977,0.75,0.75
6,1.0,1,0.008365361427316816,plan-c,1.0,0.9999999809265137,primary,0,f516993949b7a9c078676c03ed70fe0c8e45cc2d2e697c0b6ed06e5d73b7fdd6,14395,femnist,1e-05,11.35415469999134,25600,1554,0.5623046875,4.0,31003,controlled,0.8470010530948638,10990,0.0,1.0,this-work,1.0,0,0,2805b0c3db24b626e565a6cbaaf832b1e865d3eaf39ceecd425d0695e3f6c4e9,8.0,handle-only-drop-residual,user_macro_accuracy,0.24225852272727275,9.214933748786253,41005,1.0,50,14395,0.0751474000280723,0.5,0.9999999809265137,0.48730431593954565,0.5623046875,488,,85e2c0f67dd26b6eb06bd8a9d1355cd162f47ba512379568bb155acfe11a2c54,user-certified,512.0,0.7499669487043893,0.7499679774561291,0.75,0.5630349072026156,0.7507692307692307,0.75,0.5,25600,0.0,0.4273552794754505,0.0,5d85acb1f9e79790b87ab1656505b3b5072b0e43fe7c68ade13152a4aa0288dc,0.24126038564038252,custom,31005,1,31001,1.0,31002,0.24225852272727275,True,16.306007299979683,0.75,0.75
6,1.0,1,0.007290551418464276,plan-c,1.0,0.999999989271164,diagnostic,0,f516993949b7a9c078676c03ed70fe0c8e45cc2d2e697c0b6ed06e5d73b7fdd6,25600,femnist,1e-05,0.0,0,0,1.0,4.0,31003,controlled,0.7419703453779221,20649,0.0,1.0,this-work,0.9,1554,0,2805b0c3db24b626e565a6cbaaf832b1e865d3eaf39ceecd425d0695e3f6c4e9,8.0,unitscope-lambda-sweep,user_macro_accuracy,0.2885653409090909,9.214933748786253,51005,1.0,50,25600,0.0765509000630118,0.5,0.9999999785423279,0.43525092348456385,0.56984375,488,,85e2c0f67dd26b6eb06bd8a9d1355cd162f47ba512379568bb155acfe11a2c54,user-certified,512.0,0.7499669487043893,0.7499679774561291,0.75,0.5630349072026156,0.7507692307692307,0.75,0.5,25600,0.9999999916553497,0.373233594968915,0.43015625,63e708cb1f117bd08233549f35a0c70db4029cb264a05a6eb4ddd6509cee1bb3,0.28891675811255685,custom,31006,2,31001,1.0,31002,0.2885653409090909,True,15.930069599940907,0.75,0.75
6,1.0,1,0.007526463838084595,plan-c,1.0,0.9999999964237213,diagnostic,0,f516993949b7a9c078676c03ed70fe0c8e45cc2d2e697c0b6ed06e5d73b7fdd6,25600,femnist,1e-05,0.0,0,0,1.0,4.0,31003,controlled,0.8150476272404193,20692,0.0,1.0,this-work,0.9,1554,0,2805b0c3db24b626e565a6cbaaf832b1e865d3eaf39ceecd425d0695e3f6c4e9,8.0,unitscope-lambda-sweep,user_macro_accuracy,0.23585227272727274,9.214933748786253,41005,1.0,50,25600,0.07450820006488357,0.5,0.9999999809265137,0.4720135021954775,0.5623046875,488,,85e2c0f67dd26b6eb06bd8a9d1355cd162f47ba512379568bb155acfe11a2c54,user-certified,512.0,0.7499669487043893,0.7499679774561291,0.75,0.5630349072026156,0.7507692307692307,0.75,0.5,25600,0.9999999880790711,0.41064845129847527,0.4376953125,65add8c3a80f7b0597d9a15a978836fbbf9156c073d5400cf537f66f5d9effb9,0.23483304593196425,custom,31005,1,31001,1.0,31002,0.23585227272727274,True,16.36695989994041,0.75,0.75
6,1.0,1,0.00765904150471895,plan-c,1.0,0.9999999856948852,primary,0,f516993949b7a9c078676c03ed70fe0c8e45cc2d2e697c0b6ed06e5d73b7fdd6,14417,femnist,1e-05,10.610918100050185,25600,1554,0.5631640625,4.0,31003,controlled,0.6750382889807224,11012,0.0,1.0,this-work,1.0,0,0,2805b0c3db24b626e565a6cbaaf832b1e865d3eaf39ceecd425d0695e3f6c4e9,8.0,handle-only-drop-residual,user_macro_accuracy,0.3227414772727273,9.214933748786253,31005,1.0,50,14417,0.0658401000109734,0.5,0.9999999856948852,0.376446223706007,0.5631640625,488,,85e2c0f67dd26b6eb06bd8a9d1355cd162f47ba512379568bb155acfe11a2c54,user-certified,512.0,0.7499669487043893,0.7499679774561291,0.75,0.5630349072026156,0.7507692307692307,0.75,0.5,25600,0.0,0.3592524629086256,0.0,a701830cb6ac9a30af94e414ec224efdb4b3bb411dad654f1bab78a005ec9d7f,0.3223075717197053,custom,31004,0,31001,1.0,31002,0.3227414772727273,True,17.224120399943786,0.75,0.75
6,1.0,1,0.0075406885661270275,plan-c,1.0,0.9999999904632568,diagnostic,0,f516993949b7a9c078676c03ed70fe0c8e45cc2d2e697c0b6ed06e5d73b7fdd6,25600,femnist,1e-05,0.0,0,0,1.0,4.0,31003,controlled,0.9515095534920692,20723,0.0,1.0,this-work,0.9,1554,0,2805b0c3db24b626e565a6cbaaf832b1e865d3eaf39ceecd425d0695e3f6c4e9,8.0,unitscope-lambda-sweep,user_macro_accuracy,0.3677840909090909,9.214933748786253,71005,1.0,50,25600,0.07045769999967888,0.5,0.9999999833106995,0.5492082200199365,0.5626953125,488,,85e2c0f67dd26b6eb06bd8a9d1355cd162f47ba512379568bb155acfe11a2c54,user-certified,512.0,0.7499669487043893,0.7499679774561291,0.75,0.5630349072026156,0.7507692307692307,0.75,0.5,25600,0.9999999904632568,0.4750498442351818,0.4373046875,b61bc3339e5b82cce6bd09756d3e3ac5d57c9ab52714219301286f9d256a3edf,0.3683963003605581,custom,31008,4,31001,1.0,31002,0.3677840909090909,True,15.542298100001062,0.75,0.75
6,1.0,1,0.008061435155897965,plan-c,1.0,0.9999999785423279,primary,0,f516993949b7a9c078676c03ed70fe0c8e45cc2d2e697c0b6ed06e5d73b7fdd6,14588,femnist,1e-05,11.242998799920315,25600,1554,0.56984375,4.0,31003,controlled,0.764617531746626,11080,0.0,1.0,this-work,1.0,0,0,2805b0c3db24b626e565a6cbaaf832b1e865d3eaf39ceecd425d0695e3f6c4e9,8.0,handle-only-drop-residual,user_macro_accuracy,0.3052840909090909,9.214933748786253,51005,1.0,50,14588,0.07255469997471664,0.5,0.9999999785423279,0.4449109803140163,0.56984375,488,,85e2c0f67dd26b6eb06bd8a9d1355cd162f47ba512379568bb155acfe11a2c54,user-certified,512.0,0.7499669487043893,0.7499679774561291,0.75,0.5630349072026156,0.7507692307692307,0.75,0.5,25600,0.0,0.38731857426464555,0.0,de394ff4fb7212478a7c93a0452fd77d4a9f2294e716c379b302a0ea4f00a548,0.3056905471076971,custom,31006,2,31001,1.0,31002,0.3052840909090909,True,16.197486500110244,0.75,0.75
6,1.0,1,0.006953073438333334,plan-c,1.0,0.9999999904632568,diagnostic,0,f516993949b7a9c078676c03ed70fe0c8e45cc2d2e697c0b6ed06e5d73b7fdd6,25600,femnist,1e-05,0.0,0,0,1.0,4.0,31003,controlled,0.6662409569323063,20757,0.0,1.0,this-work,0.9,1554,0,2805b0c3db24b626e565a6cbaaf832b1e865d3eaf39ceecd425d0695e3f6c4e9,8.0,unitscope-lambda-sweep,user_macro_accuracy,0.3091619318181818,9.214933748786253,31005,1.0,50,25600,0.07224460002908017,0.5,0.9999999856948852,0.3724455938488245,0.5631640625,488,,85e2c0f67dd26b6eb06bd8a9d1355cd162f47ba512379568bb155acfe11a2c54,user-certified,512.0,0.7499669487043893,0.7499679774561291,0.75,0.5630349072026156,0.7507692307692307,0.75,0.5,25600,0.9999999916553497,0.3540730569511652,0.4368359375,deabbb722174c123b18b56a66bd732c076ca309fd62a917eae75feb45ec9796c,0.3089825991534723,custom,31004,0,31001,1.0,31002,0.3091619318181818,True,16.360563699970953,0.75,0.75
6,1.0,1,0.004721637136081076,plan-c,1.0,0.9999999845027924,primary,0,321be27adaa6b18de46f154b7b19f483da8cd90548babd6e4abfb57532665fdf,6386,femnist,1e-05,11.441837699981988,25600,1655,0.249453125,4.0,31003,controlled,0.8994190420210362,5336,0.0,1.0,this-work,1.0,0,0,807205a46345f70a8bce8ce6770ffa3d758f69cd83498477bad0f4cd949a3523,15.993846153846153,handle-only-drop-residual,user_macro_accuracy,0.18826704545454548,9.214933748786253,71005,1.0,50,6386,0.06897929996193852,0.5,0.9999999845027924,0.25680189426988365,0.249453125,325,,1ff157e6e19bb70a469f3512054134ecba838394572619b67f17c7b6da38f8a7,user-certified,512.0,0.5000992555831265,0.5000961723408348,0.5,0.25002404077315127,0.5,0.5,0.5,25600,0.0,0.7072058656811714,0.0,0c00c3cb540025118af67edbc38e774d27387ea2f71acaa45a832527613f6d48,0.1885875529079793,controlled-middle,31008,4,31001,1.0,31002,0.18826704545454548,True,23.410586700047133,0.5,0.5
6,1.0,1,0.004578749941339044,plan-c,1.0,0.9999999856948852,primary,0,321be27adaa6b18de46f154b7b19f483da8cd90548babd6e4abfb57532665fdf,6414,femnist,1e-05,11.199663699968369,25600,1655,0.250546875,4.0,31003,controlled,0.9426310685276985,5346,0.0,1.0,this-work,1.0,0,0,807205a46345f70a8bce8ce6770ffa3d758f69cd83498477bad0f4cd949a3523,15.993846153846153,handle-only-drop-residual,user_macro_accuracy,0.10842329545454545,9.214933748786253,61005,1.0,50,6414,0.06853409997711424,0.5,0.9999999856948852,0.27026795882731675,0.250546875,325,,1ff157e6e19bb70a469f3512054134ecba838394572619b67f17c7b6da38f8a7,user-certified,512.0,0.5000992555831265,0.5000961723408348,0.5,0.25002404077315127,0.5,0.5,0.5,25600,0.0,0.723152299374342,0.0,5de2c20cb2e0a8371112cbcfbb015c7c2d1613c48a900053f1564f5871202b8e,0.10848095312744944,controlled-middle,31007,3,31001,1.0,31002,0.10842329545454545,True,22.46238400004222,0.5,0.5
6,1.0,1,0.004834358791014255,plan-c,1.0,0.9999999856948852,primary,0,321be27adaa6b18de46f154b7b19f483da8cd90548babd6e4abfb57532665fdf,6294,femnist,1e-05,11.438827800040599,25600,1655,0.245859375,4.0,31003,controlled,0.8760854852199554,5275,0.0,1.0,this-work,1.0,0,0,807205a46345f70a8bce8ce6770ffa3d758f69cd83498477bad0f4cd949a3523,15.993846153846153,handle-only-drop-residual,user_macro_accuracy,0.1983806818181818,9.214933748786253,41005,1.0,50,6294,0.07078049999836367,0.5,0.9999999856948852,0.23853800907731057,0.245859375,325,,1ff157e6e19bb70a469f3512054134ecba838394572619b67f17c7b6da38f8a7,user-certified,512.0,0.5000992555831265,0.5000961723408348,0.5,0.25002404077315127,0.5,0.5,0.5,25600,0.0,0.6912076880037784,0.0,8205987a18dc98f6fc03308e684d82da4662a9fb7860a559f3a42ab4f596f33d,0.1978366515127763,controlled-middle,31005,1,31001,1.0,31002,0.1983806818181818,True,23.608851199955097,0.5,0.5
6,1.0,1,0.00478251892583803,plan-c,1.0,0.9999999845027924,primary,0,321be27adaa6b18de46f154b7b19f483da8cd90548babd6e4abfb57532665fdf,6452,femnist,1e-05,11.622942500005593,25600,1655,0.25203125,4.0,31003,controlled,0.7306448715925217,5399,0.0,1.0,this-work,1.0,0,0,807205a46345f70a8bce8ce6770ffa3d758f69cd83498477bad0f4cd949a3523,15.993846153846153,handle-only-drop-residual,user_macro_accuracy,0.1984090909090909,9.214933748786253,51005,1.0,50,6452,0.06895649997750297,0.5,0.9999999845027924,0.21741132512688638,0.25203125,325,,1ff157e6e19bb70a469f3512054134ecba838394572619b67f17c7b6da38f8a7,user-certified,512.0,0.5000992555831265,0.5000961723408348,0.5,0.25002404077315127,0.5,0.5,0.5,25600,0.0,0.5670008820295334,0.0,b560ddf72ea604d4991e644f269ee5734f6bdf36b7b840c276d5cf6ca14d7927,0.19846370904530491,controlled-middle,31006,2,31001,1.0,31002,0.1984090909090909,True,23.793750400014687,0.5,0.5
6,1.0,1,0.004750209180581386,plan-c,1.0,0.9999999856948852,primary,0,321be27adaa6b18de46f154b7b19f483da8cd90548babd6e4abfb57532665fdf,6490,femnist,1e-05,11.496270600007847,25600,1655,0.253515625,4.0,31003,controlled,0.7020629838109016,5424,0.0,1.0,this-work,1.0,0,0,807205a46345f70a8bce8ce6770ffa3d758f69cd83498477bad0f4cd949a3523,15.993846153846153,handle-only-drop-residual,user_macro_accuracy,0.22511363636363638,9.214933748786253,31005,1.0,50,6490,0.06973099999595433,0.5,0.9999999856948852,0.19529069356620313,0.253515625,325,,1ff157e6e19bb70a469f3512054134ecba838394572619b67f17c7b6da38f8a7,user-certified,512.0,0.5000992555831265,0.5000961723408348,0.5,0.25002404077315127,0.5,0.5,0.5,25600,0.0,0.5514387610554695,0.0,ef769994663549362283443df3c29884a157ca2d3f8884a7bdfa7a719c5583fd,0.22495688979463865,controlled-middle,31004,0,31001,1.0,31002,0.22511363636363638,True,24.526900800003204,0.5,0.5
6,1.0,1,0.004382761098633955,plan-c,1.0,0.9999999845027924,diagnostic,0,84cc3c138c7c3fe1cdad2a50a2979afeb559d816f6389fd7d320c9ce74552743,25600,femnist,1e-05,0.0,0,0,1.0,4.0,31003,controlled,0.9034411858022213,21339,0.0,1.0,this-work,0.9,1655,0,94b91fe219379b488803ceddf230483cde78349ca0f42716d4549f3841d22980,15.993846153846153,unitscope-lambda-sweep,user_macro_accuracy,0.18545454545454546,9.214933748786253,71005,1.0,50,25600,0.07243359996937215,0.5,0.9999999845027924,0.26006623059511186,0.249453125,325,,85e2c0f67dd26b6eb06bd8a9d1355cd162f47ba512379568bb155acfe11a2c54,user-certified,512.0,0.5000992555831265,0.5000961723408348,0.5,0.25002404077315127,0.5,0.5,0.5,25600,0.9999999868869781,0.7086220088601113,0.750546875,0446a0ec6d19473fb85d8d2b914c55dfa51e3cbdade5f091931ee4284a96ce58,0.18576579401160057,controlled-middle,31008,4,31001,1.0,31002,0.18545454545454546,True,15.88328510003339,0.5,0.5
6,1.0,1,0.00441202584521006,plan-c,1.0,0.9999999761581421,diagnostic,0,84cc3c138c7c3fe1cdad2a50a2979afeb559d816f6389fd7d320c9ce74552743,25600,femnist,1e-05,0.0,0,0,1.0,4.0,31003,controlled,0.7104547584056854,21385,0.0,1.0,this-work,0.9,1655,0,94b91fe219379b488803ceddf230483cde78349ca0f42716d4549f3841d22980,15.993846153846153,unitscope-lambda-sweep,user_macro_accuracy,0.22120738636363638,9.214933748786253,31005,1.0,50,25600,0.06546150003850926,0.5,0.9999999856948852,0.19950614407658576,0.253515625,325,,85e2c0f67dd26b6eb06bd8a9d1355cd162f47ba512379568bb155acfe11a2c54,user-certified,512.0,0.5000992555831265,0.5000961723408348,0.5,0.25002404077315127,0.5,0.5,0.5,25600,0.9999999868869781,0.5557356433570385,0.746484375,5f63c73f38c7537598cd6f447b333ec8b420b505aa18f91ee9975ccd064e7e40,0.22103778021633486,controlled-middle,31004,0,31001,1.0,31002,0.22120738636363638,True,16.10334849996434,0.5,0.5
6,1.0,1,0.00426000506941608,plan-c,1.0,0.9999999856948852,diagnostic,0,84cc3c138c7c3fe1cdad2a50a2979afeb559d816f6389fd7d320c9ce74552743,25600,femnist,1e-05,0.0,0,0,1.0,4.0,31003,controlled,0.9535666404664517,21337,0.0,1.0,this-work,0.9,1655,0,94b91fe219379b488803ceddf230483cde78349ca0f42716d4549f3841d22980,15.993846153846153,unitscope-lambda-sweep,user_macro_accuracy,0.10936079545454545,9.214933748786253,61005,1.0,50,25600,0.0694867999991402,0.5,0.9999999856948852,0.274819220751524,0.250546875,325,,85e2c0f67dd26b6eb06bd8a9d1355cd162f47ba512379568bb155acfe11a2c54,user-certified,512.0,0.5000992555831265,0.5000961723408348,0.5,0.25002404077315127,0.5,0.5,0.5,25600,0.9999999916553497,0.7298830020427703,0.749453125,671533b47492a4810d743a69f3a192bd274ef2038208026b359d06d1925cbe13,0.10942153942624236,controlled-middle,31007,3,31001,1.0,31002,0.10936079545454545,True,14.908501500001876,0.5,0.5
6,1.0,1,0.004404486732203972,plan-c,1.0,0.9999999761581421,diagnostic,0,84cc3c138c7c3fe1cdad2a50a2979afeb559d816f6389fd7d320c9ce74552743,25600,femnist,1e-05,0.0,0,0,1.0,4.0,31003,controlled,0.728989727795124,21270,0.0,1.0,this-work,0.9,1655,0,94b91fe219379b488803ceddf230483cde78349ca0f42716d4549f3841d22980,15.993846153846153,unitscope-lambda-sweep,user_macro_accuracy,0.1935653409090909,9.214933748786253,51005,1.0,50,25600,0.0688695000280859,0.5,0.9999999845027924,0.2194761398807168,0.25203125,325,,85e2c0f67dd26b6eb06bd8a9d1355cd162f47ba512379568bb155acfe11a2c54,user-certified,512.0,0.5000992555831265,0.5000961723408348,0.5,0.25002404077315127,0.5,0.5,0.5,25600,0.9999999940395355,0.5637285387516022,0.74796875,a6a13f08e12d0ca03a8a70a4eb7b4465aa89af36a67968bbdd0b05625d9c580e,0.1936040131682082,controlled-middle,31006,2,31001,1.0,31002,0.1935653409090909,True,14.670068999970681,0.5,0.5
6,1.0,1,0.004484113721642616,plan-c,1.0,0.9999999868869781,diagnostic,0,84cc3c138c7c3fe1cdad2a50a2979afeb559d816f6389fd7d320c9ce74552743,25600,femnist,1e-05,0.0,0,0,1.0,4.0,31003,controlled,0.8796115823090076,21261,0.0,1.0,this-work,0.9,1655,0,94b91fe219379b488803ceddf230483cde78349ca0f42716d4549f3841d22980,15.993846153846153,unitscope-lambda-sweep,user_macro_accuracy,0.1921306818181818,9.214933748786253,41005,1.0,50,25600,0.07064929997432046,0.5,0.9999999856948852,0.24191874265670776,0.245859375,325,,85e2c0f67dd26b6eb06bd8a9d1355cd162f47ba512379568bb155acfe11a2c54,user-certified,512.0,0.5000992555831265,0.5000961723408348,0.5,0.25002404077315127,0.5,0.5,0.5,25600,0.9999999904632568,0.6915322782099247,0.754140625,f78b4a42785464b1bf459f2b860fa613ef4f35c6c3bb750ddb4efe3b3af165d1,0.1915660761874902,controlled-middle,31005,1,31001,1.0,31002,0.1921306818181818,True,15.067199500030256,0.5,0.5
