epsilon,route,releases,deterministic_relative_bias,mse,mse_ci_lower,mse_ci_upper,mean_signed_relative_error,signed_error_ci_lower,signed_error_ci_upper,noise_interval_contains_deterministic_bias,absolute_relative_error,absolute_relative_error_ci_lower,absolute_relative_error_ci_upper
1.0,handle-only,10,-0.45095890410958905,677363.8250828473,676569.0532320729,678158.778910409,-0.45097029403365924,-0.4512349254190743,-0.45070572411087567,True,0.45097029403365924,0.45070572411087567,0.4512349254190743
1.0,unitscope,10,0.0,0.6103204366625368,0.3096235743213578,0.9416391966433952,-1.1389924070163163e-05,-0.000276021309485223,0.0002531799987133944,True,0.00038336938860602333,0.000266014848563852,0.0005024749165246696
1.0,naive-2c,10,0.0,2.4412817466500645,1.2384942972852233,3.766556786573314,-2.277984814035123e-05,-0.0005520426189704597,0.0005063599974267502,True,0.0007667387772120218,0.0005320296971277034,0.0010049498330493645
4.0,handle-only,10,-0.45095890410958905,677337.59183563,677138.9020662918,677536.3275967684,-0.4509617515906066,-0.4510279094369604,-0.4508956091099108,True,0.4509617515906066,0.4508956091099108,0.4510279094369604
4.0,unitscope,10,0.0,0.038145027291408326,0.019351473395084928,0.05885244979019341,-2.8474810175532496e-06,-6.900532737131844e-05,6.329499967834806e-05,True,9.584234715150583e-05,6.650371214096309e-05,0.0001256187291311858
4.0,naive-2c,10,0.0,0.15258010916560444,0.07740589358031894,0.23540979916077598,-5.694962035106493e-06,-0.00013801065474261198,0.00012658999935667213,True,0.00019168469430298676,0.0001330074242819134,0.0002512374582623348
16.0,handle-only,10,-0.45095890410958905,677331.1408067149,677281.468563965,677380.8245785149,-0.4509596159798434,-0.4509761554414319,-0.4509430803596695,True,0.4509596159798434,0.4509430803596695,0.4509761554414319
16.0,unitscope,10,0.0,0.002384064205712489,0.001209467087191803,0.0036782781118889175,-7.118702543727385e-07,-1.7251331842807967e-05,1.5823749919602898e-05,True,2.3960586787873345e-05,1.6625928035231583e-05,3.140468228278421e-05
16.0,naive-2c,10,0.0,0.009536256822854685,0.00483786834877319,0.014713112447564933,-1.4237405087579359e-06,-3.450266368566452e-05,3.164749983918057e-05,True,4.7921173575759144e-05,3.325185607048746e-05,6.280936456556811e-05
